,Ticker,Date,Time,Title
0,AMZN,2024-10-24,10:21AM,The one factor that could make or break Mag 7 market leadership
1,AMZN,2024-10-24,10:05AM,Is Amazon Stock A Buy? Analysts Set Targets With Q3 Due.
2,AMZN,2024-10-24,08:59AM,"Five Stocks, 3 Days, $12 Trillion In Market Cap. Buckle Up For Huge Earnings."
3,AMZN,2024-10-24,08:15AM,Googles $2 Billion Anthropic Investment Faces U.K. Antitrust Scrutiny
4,AMZN,2024-10-24,07:16AM,This Sam Altman-Backed Nuclear Stock Just Doubled in a Week. Is It Too Late to Buy?
6,AMZN,2024-10-24,06:37AM,"Amazon employees are a flight risk after the new return-to-office mandate, research revealseven though one executive insists 90% of employees are happy about it"
7,AMZN,2024-10-24,06:29AM,UPS Stock Rises as Shipping Giant Returns To Growth
8,AMZN,2024-10-24,04:44AM,"1 Vanguard Index Fund Heavy on Magnificent Seven Stocks Could Turn $500 per Month Into $500,000"
9,AMZN,2024-10-24,04:15AM,The Best Warren Buffett Stocks to Buy With $500 Right Now
10,AMZN,2024-10-24,12:53AM,Amazon.com Inc. (AMZN): Revolutionizing Delivery with Record Speed and Prime Benefits
11,AMZN,2024-10-23,08:03PM,Cathie Wood buys $4 million of soaring tech stock
12,AMZN,2024-10-23,06:21PM,Amazon brings gas benefit to Prime membership
13,AMZN,2024-10-23,06:02PM,"WSJ Tech Live: Executives, Investors and Artists Debate AIs Potential"
14,AMZN,2024-10-23,05:22PM,Why Amazon Stock Withered on Wednesday
15,AMZN,2024-10-23,04:14PM,Big Tech is going all in on nuclear power as sustainability concerns around AI grow
17,AMZN,2024-10-23,03:30PM,Amazons Discontinued Same-Day Delivery Service An Unnecessary Offshoot
18,AMZN,2024-10-23,03:25PM,"Goldman Sachs: Amazon.com, Inc. (NASDAQ:AMZN) Has Got Mutual & Hedge Fund Managers Divided"
19,AMZN,2024-10-23,01:06PM,"WSJs Tech Live: Investors, Entertainers Express AI Concerns"
20,AMZN,2024-10-23,12:34PM,Amazon offering fuel savings for Prime members through bp earnify
21,AMZN,2024-10-23,11:53AM,An Amazon tax would punish innovation and success
22,AMZN,2024-10-23,11:52AM,Amazon's Q3 Earnings Set to Spotlight AWS Growth and Margin Challenges
23,AMZN,2024-10-23,11:15AM,Amazon partners with BP to offer gas discount for Prime members
24,AMZN,2024-10-23,10:15AM,Amazon partners with BP for new Prime fuel benefit
25,AMZN,2024-10-23,10:05AM,Q2 announces expanded partnership with AWS to accelerate banking innovation
26,AMZN,2024-10-23,10:01AM,BMO Capital raises Amazons AWS Cloud growth outlook to 20%
27,AMZN,2024-10-23,08:25AM,Amazon (AMZN): Consistent Growth Through AI and Cloud Services
28,AMZN,2024-10-23,07:15AM,5 Monster Stocks to Hold for the Next 5 to 25 Years
29,AMZN,2024-10-23,06:51AM,"Prediction: Billionaires Will Buy This Cryptocurrency That Could Soar 23,900%, According to Wealth Manager Jake Claver"
30,AMZN,2024-10-23,06:32AM,The defunct AmazonSmile charitable program worked. I know because I co-founded Tripadvisor using the same principles
31,AMZN,2024-10-23,06:07AM,Here's the Only Stock Billionaires Warren Buffett and David Tepper Both Own
33,AMZN,2024-10-23,06:00AM,Why the AI arms race is 'on'  and doesn't need your money: Morning Brief
34,AMZN,2024-10-23,06:00AM,Amazon Announces New Fuel Savings Offer for Prime Members
35,AMZN,2024-10-23,05:20AM,3 Artificial Intelligence (AI) Stocks to Buy With $500 and Hold for Decades
36,AMZN,2024-10-23,04:45AM,Will Nvidia Be the First Stock to Reach $10 Trillion?
37,AMZN,2024-10-23,04:15AM,Will Amazon Be Worth More Than Alphabet by 2025?
38,AMZN,2024-10-22,08:56PM,WSJs Tech Live: Andreessen Partner Sounds Alarm on Americas AI Policy
39,AMZN,2024-10-22,05:07PM,US Energy Secretary talks Big Tech's clean nuclear energy push
40,AMZN,2024-10-22,04:37PM,Amazon.com (AMZN): AWS Seen Benefiting from Data Center Shortage
41,AMZN,2024-10-22,04:35PM,Amazon reportedly closing brick-and-mortar same-day delivery program
42,AMZN,2024-10-22,04:17PM,Amazon expands in Phoenix with plans for drone delivery
43,AMZN,2024-10-22,04:10PM,"Amazon tests new e-commerce site, app features"
44,AMZN,2024-10-22,04:04PM,Why Walgreens Boots Alliance Plunged Again Today
45,AMZN,2024-10-22,02:24PM,Reeves plots Amazon tax to prop up struggling high street
46,AMZN,2024-10-22,01:26PM,What You Need To Know Ahead of UPS Earnings
47,AMZN,2024-10-22,01:18PM,WSJs Tech Live: Reid Hoffman Calls Out Elon Musk; Amazon Supports Nuclear Renaissance
48,AMZN,2024-10-22,12:41PM,Walmart is taking on Amazon with prescription delivery. Here's what it means for CVS and Walgreens
49,AMZN,2024-10-22,12:38PM,Amazon boss to unhappy remote workers: Go find a new job
50,AMZN,2024-10-22,12:02PM,"Tech is 'the place to be,' but wait for a pullback: Strategist"
51,AMZN,2024-10-22,11:50AM,Cathie Wood Goes Bargain Hunting: 3 Stocks She Just Bought
52,AMZN,2024-10-22,11:16AM,Dominon Energy CEO weighs in on deal with Amazon to develop a small modular reactor
53,AMZN,2024-10-22,11:10AM,NBA season tips off tonight. Where fans can watch games next year
54,AMZN,2024-10-22,10:54AM,ASML's Latest Chapter in the Semiconductor Story
55,AMZN,2024-10-22,10:17AM,"Amazon sets ultra-low pricing plans for Temu rival store, The Information reports"
56,AMZN,2024-10-22,10:15AM,Walmart joins retail pharmacy push in same-day prescription delivery
57,AMZN,2024-10-22,10:00AM,AWS and Q2 Expand Partnership to Accelerate Banking Innovation
58,AMZN,2024-10-22,09:45AM,A Once-in-a-Decade Investment Opportunity: Meet My Favorite Artificial Intelligence (AI) Semiconductor Stock (Hint: Not Nvidia)
59,AMZN,2024-10-22,09:40AM,Why Amazon (AMZN) is a Top Value Stock for the Long-Term
60,AMZN,2024-10-22,09:22AM,Q3 earnings: Can the Mag 7 continue to lead the market?
61,AMZN,2024-10-22,07:30AM,96% of Analysts Covering Amazon Call It a Buy
62,AMZN,2024-10-22,07:10AM,"Got $1,000 to Invest? This ""Magnificent Seven"" Stock Is a Great Option Heading Into 2025"
63,AMZN,2024-10-22,06:30AM,Billionaires Are Buying These 3 Top Artificial Intelligence (AI) Stocks Hand Over Fist
64,AMZN,2024-10-22,06:00AM,The case for a 'Magnificent 7' resurgence: Morning Brief
65,AMZN,2024-10-22,05:30AM,Nuclear-Powered AI: Big Techs Bold Solution or a Pipedream?
66,AMZN,2024-10-22,05:13AM,Beyond Tesla and Amazon: 1 Spectacular Vanguard ETF to Buy Now
67,AMZN,2024-10-22,05:00AM,"Prediction: 1 Unstoppable Stock Will Join Nvidia, Apple, Microsoft, Amazon, Alphabet, and Meta in the $1 Trillion Club In 2025"
68,AMZN,2024-10-22,05:00AM,EXCLUSIVE: Estée Lauder Launches on Amazon
69,AMZN,2024-10-21,10:06PM,Oklo Stock Price Levels to Watch as Nuclear Energy Startup Surges 22% to Record High
70,AMZN,2024-10-21,08:17PM,Where Will Amazon Stock Be in 3 Years?
71,AMZN,2024-10-21,05:45PM,Amazon (AMZN) Rises As Market Takes a Dip: Key Facts
72,AMZN,2024-10-21,04:33PM,BofA Remains Bullish on Amazon Despite Project Kuiper Challenges
73,AMZN,2024-10-21,03:30PM,"Victoria's Secret/Pink, Amazon among most innovative retailers"
74,AMZN,2024-10-21,03:23PM,Amazon.com Stock Scores RS Rating Upgrade
75,AMZN,2024-10-21,02:31PM,"Wave Goodbye To the Stock Market's Historic Run, Goldman Sachs Says"
76,AMZN,2024-10-21,02:00PM,Nuclear energy: Small modular reactors' role in fueling AI boom
77,AMZN,2024-10-21,01:30PM,Five NBA arenas deploy next-gen Amazon 'Just Walk Out' shopping
78,AMZN,2024-10-21,01:22PM,"""Rule Breaker Investing"" Mailbag: A Different Way to Score Your ""Magnificent Seven"" Exposure"
79,AMZN,2024-10-21,01:16PM,Amazon to open 20 new pharmacies in 2025
80,AMZN,2024-10-21,12:52PM,Should You Buy Amazon Stock Before Oct. 24?
81,AMZN,2024-10-21,12:30PM,Amazon's investment in SMRs is 'a game changer': X-energy CEO
82,AMZN,2024-10-21,11:52AM,The Semiconductor Stories of TSMC & ASML
83,AMZN,2024-10-21,11:40AM,"The 5 best deals on smart home gadgets right now, according to Consumer Reports"
84,AMZN,2024-10-21,11:24AM,Big Tech Goes Nuclear
85,AMZN,2024-10-21,11:05AM,Amazon kicks off Holiday Beauty Haul
86,AMZN,2024-10-21,09:40AM,Doughlicious founder Kathryn Bricken on trying to build snack for the masses
87,AMZN,2024-10-21,06:45AM,Prediction: Vanguard's Best-Performing ETF in 2024 Will Also Outperform the S&P 500 in 2025
88,AMZN,2024-10-21,06:37AM,Whole Foods predicts the major food and beverage trends of 2025
89,AMZN,2024-10-21,06:30AM,5 Reasons to Buy Amazon Stock Like There's No Tomorrow
90,AMZN,2024-10-21,06:14AM,Grubhub boosts delivery access with Amazon Key partnership
91,AMZN,2024-10-21,05:25AM,"Should You Buy Costco Stock? These ""Magnificent Seven"" Stocks Are Cheaper and Growing Faster"
92,AMZN,2024-10-21,04:55AM,Amazon Is Getting Into Nuclear Energy. Is It Time to Buy Its Stock?
93,AMZN,2024-10-21,04:49AM,2 ETFs That Billionaire Ken Griffin Is Buying Hand Over Fist
94,AMZN,2024-10-21,12:57AM,"Amazon.com Inc. (NASDAQ:AMZN) Collaborates with Databricks on Generative AI, Aiming for Competitive Edge in Cost and Performance with AWS"
95,AMZN,2024-10-20,06:12PM,"Is Amazon a Buy, Sell, or Hold in 2025?"
96,AMZN,2024-10-20,03:13PM,Amazon.com Inc. (AMZN): A Prime Choice for AI and Cloud Investment in 2024
97,AMZN,2024-10-20,03:00PM,Netflix's Latest Earnings Call Sent Its Stock Surging. Should You Buy Now?
98,AMZN,2024-10-20,02:37PM,Amazon.com Inc. (AMZN): Among the Best US Stocks for Foreign Investors Right Now
99,AMZN,2024-10-20,02:24PM,Amazon.com (AMZN): Among the Most Profitable Stocks of the Last 10 Years
100,AMZN,2024-10-20,12:21PM,3 Must-Watch Tech Earnings Reports Coming Up
101,AMZN,2024-10-20,11:03AM,"Is Amazon.com, Inc. (AMZN) the Best IoT Stock To Buy Now?"
102,AMZN,2024-10-20,09:30AM,Billionaire Philippe Laffont Just Increased His Position by 139% in This Data Center Opportunity (Hint: It's Not Nvidia)
103,GOOG,2024-10-24,10:21AM,The one factor that could make or break Mag 7 market leadership
104,GOOG,2024-10-24,09:48AM,Analyst Thinks DoJ Case Against Alphabet (GOOG) Will Take Up To 8 Years to Settle
105,GOOG,2024-10-24,09:00AM,How Much Does Google Make in Ad Revenue?
106,GOOG,2024-10-24,08:59AM,"Five Stocks, 3 Days, $12 Trillion In Market Cap. Buckle Up For Huge Earnings."
107,GOOG,2024-10-24,08:37AM,Alphabet (GOOG) Declined in Q3 Despite +15% Revenue Growth
109,GOOG,2024-10-24,08:15AM,Googles $2 Billion Anthropic Investment Faces U.K. Antitrust Scrutiny
110,GOOG,2024-10-24,07:43AM,UK watchdog probes Alphabet's deal with Anthropic
111,GOOG,2024-10-24,07:36AM,Googles Anthropic AI Investment Gets Formal UK Merger Probe
112,GOOG,2024-10-24,05:35AM,Is Nvidia Stock a Buy Now?
113,GOOG,2024-10-24,04:20AM,A Once-in-a-Decade Investment Opportunity: 2 Artificial Intelligence (AI) Stocks to Buy Now
114,GOOG,2024-10-23,10:17PM,"RBNZ Thinking About Lingering Inflation Pressures, Orr Says"
115,GOOG,2024-10-23,07:33PM,Analysts revamp Reddit stock price target ahead of earnings
116,GOOG,2024-10-23,05:24PM,"Mother sues AI chatbot company Character.AI, Google over son's suicide"
117,GOOG,2024-10-23,05:23PM,"Tesla needs a game plan to catch up with Waymo, says fmr. board member Steve Westly"
118,GOOG,2024-10-23,05:06PM,Qualcomm and Google Partner to Bring AI to Cars with Snapdragon Digital Chassis
120,GOOG,2024-10-23,04:14PM,Big Tech is going all in on nuclear power as sustainability concerns around AI grow
121,GOOG,2024-10-23,03:24PM,Goldman Sachs: Alphabet Inc. (NASDAQ:GOOG) Has Got Mutual & Hedge Fund Managers Divided
122,GOOG,2024-10-23,02:18PM,Google releases tech to watermark AI-generated text
123,GOOG,2024-10-23,12:19PM,Startup Hugging Face aims to cut AI costs with open source offering
124,GOOG,2024-10-23,10:50AM,MrBeast and Logan Paul want to take down Lunchables. They're already dealing with mold complaints
125,GOOG,2024-10-23,09:23AM,"Qualcomm, Google team up on AI for cars  here's what it could mean"
126,GOOG,2024-10-23,08:27AM,Alphabet (GOOG): Consistent Growth Through AI and Cloud Innovation
127,GOOG,2024-10-23,08:00AM,Will Nikesh Arora's Platform Strategy Give Palo Alto The Keys To Cybersecurity Kingdom?
128,GOOG,2024-10-23,06:15AM,"3 Simple Vanguard ETFs to Buy With $1,000 and Hold for a Lifetime"
129,GOOG,2024-10-23,06:14AM,This 1 Simple ETF Could Turn $900 a Month Into $1.2 Million
130,GOOG,2024-10-23,06:00AM,Why the AI arms race is 'on'  and doesn't need your money: Morning Brief
131,GOOG,2024-10-23,05:35AM,Prediction: 1 Stock That Will Be Worth More Than Alphabet 5 Years From Now
132,GOOG,2024-10-23,05:20AM,3 Artificial Intelligence (AI) Stocks to Buy With $500 and Hold for Decades
133,GOOG,2024-10-23,04:15AM,Will Amazon Be Worth More Than Alphabet by 2025?
134,GOOG,2024-10-22,07:32PM,Anthropics AI Tool Could Take Over After Peeking at Your Computer Screen
136,GOOG,2024-10-22,06:39PM,"Qualcomm announces partnerships with Li Auto, Mercedes-Benz"
137,GOOG,2024-10-22,05:07PM,US Energy Secretary talks Big Tech's clean nuclear energy push
138,GOOG,2024-10-22,03:47PM,Jim Cramer Says Hes Concerned About Alphabet (GOOGL)
139,GOOG,2024-10-22,03:05PM,"Qualcomm, Alphabet team up for automotive AI; Mercedes inks chip deal"
140,GOOG,2024-10-22,03:00PM,Nuclear Energy Stocks Are Hot: Here's A List Of Tickers To Watch
141,GOOG,2024-10-22,01:30PM,Alphabet Faces Q3 Stock Dip Amid AI Sector Challenges
142,GOOG,2024-10-22,12:02PM,"Tech is 'the place to be,' but wait for a pullback: Strategist"
143,GOOG,2024-10-22,10:07AM,2 No-Brainer Artificial Intelligence (AI) Stocks to Buy Right Now
144,GOOG,2024-10-22,10:01AM,Alphabet Inc. (GOOG) Earnings Expected to Grow: Should You Buy?
145,GOOG,2024-10-22,09:22AM,Q3 earnings: Can the Mag 7 continue to lead the market?
146,GOOG,2024-10-22,08:05AM,Honeywell and Google Cloud to accelerate AI agents for industrial sector
147,GOOG,2024-10-22,07:45AM,Honeywell and Google Cloud announce AI partnership
148,GOOG,2024-10-22,07:10AM,"Got $1,000 to Invest? This ""Magnificent Seven"" Stock Is a Great Option Heading Into 2025"
149,GOOG,2024-10-22,06:00AM,The case for a 'Magnificent 7' resurgence: Morning Brief
150,GOOG,2024-10-22,05:30AM,Nuclear-Powered AI: Big Techs Bold Solution or a Pipedream?
151,GOOG,2024-10-22,05:00AM,"Prediction: 1 Unstoppable Stock Will Join Nvidia, Apple, Microsoft, Amazon, Alphabet, and Meta in the $1 Trillion Club In 2025"
152,GOOG,2024-10-22,04:45AM,1 Top Artificial Intelligence (AI) Stock That's a No-Brainer Buy
153,GOOG,2024-10-21,10:06PM,Oklo Stock Price Levels to Watch as Nuclear Energy Startup Surges 22% to Record High
154,GOOG,2024-10-21,05:53PM,Google to Let Hotels Show Real-Time Rates in Search Ads
155,GOOG,2024-10-21,05:52PM,Is Alphabet Inc. (GOOGL) the Best Communication Stock to Buy According to Analysts?
156,GOOG,2024-10-21,05:45PM,Alphabet Inc. (GOOG) Advances While Market Declines: Some Information for Investors
157,GOOG,2024-10-21,03:00PM,Qualcomm reveals AI smartphone chip as industry leans into AI phones
158,GOOG,2024-10-21,02:31PM,"Wave Goodbye To the Stock Market's Historic Run, Goldman Sachs Says"
159,GOOG,2024-10-21,02:00PM,Nuclear energy: Small modular reactors' role in fueling AI boom
160,GOOG,2024-10-21,01:13PM,Microsoft has a plan to beat Apple and Google at AI. Here's how
161,GOOG,2024-10-21,01:12PM,Google Search Dominance Is Under Siege. This AI Start-Up Is Taking Advantage.
162,GOOG,2024-10-21,11:24AM,Big Tech Goes Nuclear
163,GOOG,2024-10-21,11:15AM,NBA Icon Shaquille O'Neal Says An Accidental Babysitting Gig Led To His Early Investment In Google  'You're Good With Kids. I Like You.'
164,GOOG,2024-10-21,08:52AM,Heres Why Alphabet (GOOGL) Declined 11% in Q3
165,GOOG,2024-10-21,08:05AM,Waymo Robotaxi Momentum Builds. Is Google Stock A Buy Or Sell?
166,GOOG,2024-10-21,07:42AM,Alphabet (GOOG) Fell as the DOJ Antitrust Suit Scared Investors
167,GOOG,2024-10-21,06:00AM,Google Play store antitrust case sees temporary pause
168,GOOG,2024-10-21,05:30AM,Microsoft launches Copilot AI features as investors look for signs artificial intelligence is paying off
169,GOOG,2024-10-21,05:30AM,Inside Microsoft's AI strategy: Compete with everybody on everything
170,GOOG,2024-10-21,04:49AM,2 ETFs That Billionaire Ken Griffin Is Buying Hand Over Fist
171,GOOG,2024-10-21,04:12AM,The Investment Opportunity of a Lifetime: 2 AI Stocks Up 160% and 305% in 5 Years to Buy Now
172,GOOG,2024-10-21,12:50AM,Innovative Agreement: Alphabet Inc. (NASDAQ:GOOG)s Google Invests in Small Modular Reactors to Power AI Initiatives
173,GOOG,2024-10-20,05:56PM,"Major Texas Solar Project Will Power Google's Data Centers, Cloud Operations"
174,GOOG,2024-10-20,03:19PM,Could Buying Apple Stock Today Set You Up for Life?
175,GOOG,2024-10-20,03:11PM,Alphabet Inc. (GOOGL): A Top Pick for Long-Term Growth in 2024
176,GOOG,2024-10-20,02:53PM,Alphabet Inc. (GOOGL): Among the Best US Stocks for Foreign Investors Right Now
177,GOOG,2024-10-20,01:59PM,Alphabet (GOOG): Among the Most Profitable Stocks of the Last 10 Years
178,GOOG,2024-10-20,10:45AM,Is Alphabet Inc. (GOOGL) the Best IoT Stock To Buy Now?
179,GOOG,2024-10-20,09:15AM,"If You Bought 1 Share of Alphabet Stock at Its IPO, Here's How Many Shares You Would Own Now"
180,GOOG,2024-10-20,08:00AM,Starmer cosies up to big tech in his desperate search for growth
181,GOOG,2024-10-20,05:32AM,Is Alphabet Stock a Buy Now?
182,GOOG,2024-10-20,05:05AM,"Meet the Unstoppable Growth Stock That Could Join Apple, Nvidia, and Microsoft in the $3 Trillion Club by 2030."
183,GOOG,2024-10-20,04:45AM,Tesla Stock vs. Alphabet Stock: Wall Street Says Buy One and Sell the Other
184,GOOG,2024-10-20,04:15AM,2 Stocks That Could Join Nvidia in the $3 Trillion Club
185,GOOG,2024-10-20,12:55AM,Alphabet Inc. (GOOGL): Among the Most Owned Stocks by Hedge Funds Right Now
186,GOOG,2024-10-20,12:00AM,Nuclear energy stocks hit record highs on surging demand from AI
187,GOOG,2024-10-19,05:50PM,Here's Why Uranium Energy Corp Stock Soared This Week
188,GOOG,2024-10-19,04:35PM,"Judge allows Google to keep Android store closed to rivals, Verge reports"
189,GOOG,2024-10-19,12:00PM,Where to Find the Next Big Market Gains
190,GOOG,2024-10-19,09:15AM,"Nvidia to win the race to $4 trillion market cap, experts say"
191,GOOG,2024-10-19,07:00AM,Is Broadcom a Top Artificial Intelligence (AI) Stock to Buy Right Now?
192,GOOG,2024-10-18,05:17PM,Eric Schmidt's SandboxAQ aims for $5B valuation for its AI/quantum Google moonshot
193,GOOG,2024-10-18,05:01PM,"Meet the Unstoppable Stock That Could Join Apple, Nvidia, Microsoft, Alphabet, Amazon, Meta, and Taiwan Semiconductor Manufacturing in the $1 Trillion Club by 2035"
194,GOOG,2024-10-18,04:24PM,Judge Temporarily Stays Google-Epic Decision
195,GOOG,2024-10-18,04:23PM,Google Appoints Prabhakar Raghavan as Chief Technologist Amid Leadership Changes
196,GOOG,2024-10-18,04:21PM,Nuclear Energy Is Making a Comeback. A New Batch of Stocks to Play the Trend.
197,GOOG,2024-10-18,04:20PM,Nuclear-energy ETFs surge as uranium prices remain rangebound. Is now a good time to invest?
198,GOOG,2024-10-18,03:58PM,Judge grants Google's request to temporarily pause app store injunction
199,GOOG,2024-10-18,03:53PM,Google provides new AI-based shopping research features
200,GOOG,2024-10-18,03:20PM,Judge delays order in antitrust case requiring Google to open up its app store
201,GOOG,2024-10-18,02:58PM,Google granted request to pause order on Play store overhaul
202,GOOG,2024-10-18,02:58PM,Google reorganization puts AI in the spotlight
203,GOOG,2024-10-18,02:36PM,"One of the largest solar projects in the US opens in Texas, backed by Google"
204,GOOG,2024-10-18,01:30PM,Nvidia to be the first company to hit $4T market cap: Lumida CEO
205,GOOG,2024-10-18,12:58PM,Google's internal reorganization puts AI in forefront
206,AAPL,2024-10-24,10:21AM,The one factor that could make or break Mag 7 market leadership
207,AAPL,2024-10-24,09:51AM,Dan Ives Says Apples (AAPL) Renaissance of Growth Has Begun  Is He Too Optimistic?
208,AAPL,2024-10-24,08:59AM,"Five Stocks, 3 Days, $12 Trillion In Market Cap. Buckle Up For Huge Earnings."
209,AAPL,2024-10-24,08:07AM,Investors Continued To Discount Apples (AAPL) Recently Unveiled AI Strategy Favourably
210,AAPL,2024-10-24,08:00AM,Apple Reigns Supreme As Breakout Nears. But Nvidia Wants To Snag This Crown.
212,AAPL,2024-10-24,07:27AM,Apple Cuts Back iPhone Orders. Why Demand Fears Are Mounting.
213,AAPL,2024-10-24,07:00AM,1 Incredibly Cheap Semiconductor Stock That Could Start Soaring After Nov. 4 (Hint: It's Not Nvidia)
214,AAPL,2024-10-24,06:57AM,"Teslas Not a Car Company, Musks in the Business of Selling the Future. And 5 Other Things to Know Today."
215,AAPL,2024-10-24,06:45AM,1 Magnificent Stock to Buy After TSMC's Blockbuster Earnings Report
216,AAPL,2024-10-24,06:27AM,"The Race to a $4 Trillion Market Cap: Apple, Nvidia, or Microsoft"
217,AAPL,2024-10-24,04:52AM,Meet America's Newest $1 Trillion Company. Warren Buffett Has Spent $77.8 Billion Buying Its Stock Since 2018
218,AAPL,2024-10-24,04:15AM,The Best Warren Buffett Stocks to Buy With $500 Right Now
219,AAPL,2024-10-24,03:41AM,Apple Hires 400 New Workers For Retail Stores As It Looks To Ramp Up India Presence
220,AAPL,2024-10-23,10:17PM,"RBNZ Thinking About Lingering Inflation Pressures, Orr Says"
221,AAPL,2024-10-23,09:45PM,Apple Inc. (AAPL): A Bull Case Theory
223,AAPL,2024-10-23,08:02PM,"Apple CEO Cook says company will increase investment in China, reports Xinhua"
224,AAPL,2024-10-23,05:20PM,Apple stock slips after a big cut for iPhone 16 orders
225,AAPL,2024-10-23,05:20PM,Apple Gives a Sneak Peek of AI Features. Why They May Not Supercharge iPhone Sales.
226,AAPL,2024-10-23,04:12PM,Apple Stock Drops After Analyst Reports Cut In iPhone 16 Orders
227,AAPL,2024-10-23,03:54PM,Apple and Goldman Sachs ordered to pay $89M over Apple Card failures
228,AAPL,2024-10-23,03:53PM,"Apple and Goldman Sachs must pay $89 million for mishandling Apple Card transactions, CFPB orders"
229,AAPL,2024-10-23,03:38PM,Apple stock falls as confidence in iPhone 16 demand wavers
230,AAPL,2024-10-23,03:25PM,Goldman Sachs: Apple Inc. (NASDAQ:AAPL) Has Got Mutual & Hedge Fund Managers Divided
231,AAPL,2024-10-23,03:14PM,Why Apple (AAPL) Shares Are Sliding Today
232,AAPL,2024-10-23,03:03PM,Apple CEO Reaffirms Commitment to China Investment in Meeting with Tech Minister
233,AAPL,2024-10-23,02:55PM,Apple and Goldman Sachs Fined More Than $89 Million For Apple Card Issues
234,AAPL,2024-10-23,02:48PM,Apple shares near session lows as company faces China pressure
235,AAPL,2024-10-23,02:37PM,Apple Intelligence arrives next week  here's how to get it
236,AAPL,2024-10-23,02:25PM,Heres how ChatGPT integration works for Apple Intelligence
237,AAPL,2024-10-23,02:20PM,"Image Playground, ChatGPT, and more Apple Intelligence features roll out in beta"
239,AAPL,2024-10-23,01:58PM,Apple Shares Dip After Analyst Reports 10 Million Cut in iPhone 16 Orders
240,AAPL,2024-10-23,01:50PM,Apple down as top analyst Kuo says company cut iPhone 16 orders by 10M units
241,AAPL,2024-10-23,01:35PM,"Apple Scales Back Vision Pro Production, Plans Cheaper Version for 2024 as Demand Lags"
242,AAPL,2024-10-23,01:31PM,"Apple and Goldman Sachs have to pay $89 million over issues with Apple's credit card, regulator says"
243,AAPL,2024-10-23,01:23PM,"Apple brings ChatGPT to Apple Intelligence, debuts Visual Intelligence in latest developer beta"
244,AAPL,2024-10-23,01:04PM,Goldman Sachs and Apple to pay $89mn in US fines over credit card programme
245,AAPL,2024-10-23,12:49PM,"Goldman, Apple to Pay $89 Million After CFPB Card Probe"
246,AAPL,2024-10-23,12:48PM,Tim Cook visits China a week before Apple Intelligence launch
247,AAPL,2024-10-23,12:12PM,Goldman and Apple 'illegally sidestepped' obligations to credit-card customers: CFPB
248,AAPL,2024-10-23,11:23AM,Apple and Goldman Sachs ordered to pay $89 million after Apple Card failures
249,AAPL,2024-10-23,11:16AM,"Apple, Goldman Sachs ordered by CFPB to pay $89M related to Apple Card"
250,AAPL,2024-10-23,10:23AM,Apple scaling back Vision Pro production: The Information
251,AAPL,2024-10-23,10:07AM,1 Incredibly Cheap Tech Stock That Could Become a Potential Artificial Intelligence (AI) Winner in the Long Run
252,AAPL,2024-10-23,09:23AM,"Qualcomm, Google team up on AI for cars  here's what it could mean"
253,AAPL,2024-10-23,08:35AM,Apple promises more China investment amid rising tech regulations
254,AAPL,2024-10-23,06:45AM,Prediction: Apple Stock Will Be Below $200 by the End of the Year
255,AAPL,2024-10-23,06:22AM,Tim Cook makes another trip to China as local users gripe about Apples AI delays in the worlds largest smartphone market
256,AAPL,2024-10-23,05:06AM,Billionaire Warren Buffett Sold 56% of Berkshire's Stake in Apple and Is Piling Into Wall Street's Most Prominent Reverse Stock Split of 2024
257,AAPL,2024-10-23,04:45AM,Will Nvidia Be the First Stock to Reach $10 Trillion?
258,AAPL,2024-10-23,01:11AM,Apple CEO vows more China investment in meeting with tech czar
259,AAPL,2024-10-22,09:00PM,"Apple's Software Chief Explains AI Delays, Future of Siri and More"
260,AAPL,2024-10-22,09:00PM,Apple Intelligence Isnt Very Smart Yetand Apples OK With That
261,AAPL,2024-10-22,06:41PM,"Netflix 3Q24 Earnings, Netflix and the Scripted Content High Road, Disney Moves Away From App Store In-App Purchase"
262,AAPL,2024-10-22,03:46PM,Jim Cramer Says Apple (AAPL) Stock Will Blow Through a Lot of Levels
263,AAPL,2024-10-22,03:05PM,Morgan Stanley Warns of Near-Term Headwinds for Apple Ahead of Q4 Earnings
264,AAPL,2024-10-22,02:30PM,The stock market's era of big gains may not be over
265,AAPL,2024-10-22,02:00PM,Heard on the Street: Verizons Results Add to iPhone Cycle Worries
266,AAPL,2024-10-22,12:02PM,"Tech is 'the place to be,' but wait for a pullback: Strategist"
267,AAPL,2024-10-22,11:32AM,Apple Stock Drops. iPhone Demand Could Take It to a Record High.
268,AAPL,2024-10-22,11:20AM,Qualcomm Says Snapdragon 8 Is Worlds Fastest Mobile Chip. Apple May Have Other Ideas.
269,AAPL,2024-10-22,10:45AM,Bill Gates Once Said He Was 'So Jealous' Of Apple's Steve Jobs And Labeled Him A Genius And Wizard  'No One Else Can Do What He Did There'
270,AAPL,2024-10-22,10:06AM,Verizon Revenue Misses Estimates as Wireless Equipment Sales Decline. The Stock Falls.
271,AAPL,2024-10-22,10:06AM,Verizon Earnings Beat Expectations. Why the Stock Is Falling.
272,AAPL,2024-10-22,10:00AM,Analysts update Apple stock forecast after iPhone shipments show a trend
273,AAPL,2024-10-22,09:22AM,Q3 earnings: Can the Mag 7 continue to lead the market?
274,AAPL,2024-10-22,08:09AM,5 Things to Know Before the Stock Market Opens
275,AAPL,2024-10-22,07:10AM,"Got $1,000 to Invest? This ""Magnificent Seven"" Stock Is a Great Option Heading Into 2025"
276,AAPL,2024-10-22,06:53AM,Qualcomm Beefs Up Its Mobile Chip. A Head-to-Head With Apple Will Be the Real Test.
277,AAPL,2024-10-22,06:00AM,The case for a 'Magnificent 7' resurgence: Morning Brief
278,AAPL,2024-10-22,05:34AM,"Why 1 Top Wall Street Analyst Thinks Investing in Nvidia Stock Now Is a ""Generational Opportunity"""
279,AAPL,2024-10-22,05:00AM,"Prediction: 1 Unstoppable Stock Will Join Nvidia, Apple, Microsoft, Amazon, Alphabet, and Meta in the $1 Trillion Club In 2025"
280,AAPL,2024-10-22,04:10AM,2 Warren Buffett Stocks to Hold Forever
281,AAPL,2024-10-21,09:59PM,"PCB makers await auto, LEO satellite demand amid consumer electronics slump"
282,AAPL,2024-10-21,08:17PM,Thoughts on the Tim Cook Profile in WSJ Magazine
283,AAPL,2024-10-21,08:03PM,Apple Intelligence's Meh Moment Ahead? Analyst Predicts 5 Months Of Build-Up Could Lead To A 'That's It?' Reaction
284,AAPL,2024-10-21,06:00PM,A new Qualcomm chip could compete with Apple Intelligence
285,AAPL,2024-10-21,05:45PM,Apple (AAPL) Advances While Market Declines: Some Information for Investors
286,AAPL,2024-10-21,05:35PM,Apple iPhone 16 Demand Shows Signs of Recovery: J.P. Morgan
287,AAPL,2024-10-21,05:22PM,How to Really Get Better With Our Money
288,AAPL,2024-10-21,04:29PM,Apple Stock Buoyed By Reassuring iPhone 16 Sales Data
289,AAPL,2024-10-21,04:00PM,Trump Vows to Shield Apple from EU Fines in Campaign Promise
290,AAPL,2024-10-21,03:42PM,"iPhone Sales Surge in China, Signaling New Growth Phase for Apple: Wedbush"
291,AAPL,2024-10-21,03:23PM,Apple's AI Progress Lagging Behind Rivals; ChatGPT Outperforms Siri by 30%
292,AAPL,2024-10-21,03:00PM,"Dan Ives Acknowledges Nvidia, Microsoft As 'Core Drivers Of AI' But Sees Palantir, IBM, AMD And Apple Joining The Party As Well"
293,AAPL,2024-10-21,03:00PM,Qualcomm reveals AI smartphone chip as industry leans into AI phones
294,AAPL,2024-10-21,02:31PM,"Wave Goodbye To the Stock Market's Historic Run, Goldman Sachs Says"
295,AAPL,2024-10-21,02:13PM,Apple Holds Back iPad 11 Launch to Gear Up for AI Revolution
296,AAPL,2024-10-21,01:22PM,"""Rule Breaker Investing"" Mailbag: A Different Way to Score Your ""Magnificent Seven"" Exposure"
297,AAPL,2024-10-21,01:21PM,Is Nvidia the Next Most Valuable Company? Market Cap Hits $3.4 Trillion
298,AAPL,2024-10-21,12:39PM,The 4 words Tim Cook uses to defend Apple's late AI start
299,AAPL,2024-10-21,12:15PM,"Earnings Due For Telecom Stocks AT&T, Verizon, T-Mobile. Apple IPhone 16 Demand Eyed."
300,AAPL,2024-10-21,12:11PM,Why Apple Intelligence will drive iPhone demand
301,AAPL,2024-10-21,12:00PM,"As iPhone Sales Soar in China, Is It Time to Buy Apple Stock?"
302,AAPL,2024-10-21,11:01AM,"Russian government iPhone purchases rise despite security concerns, Vedomosti reports"
303,AAPL,2024-10-21,10:51AM,The Company behind 'The Instigators' and 'Napoleon'  has signed a First Look deal with Apple TV+
304,AAPL,2024-10-21,10:51AM,Big Banks Report
305,AAPL,2024-10-21,10:36AM,Cramer's Mad Dash: Apple
306,AAPL,2024-10-21,10:15AM,"Could Investing $30,000 In TSMC Make You a Millionaire?"
307,AAPL,2024-10-21,09:55AM,Klarna Integrates With Apple Pay to Offer Enhanced Flexible Payment Options in the U.S. and U.K.
308,AAPL,2024-10-21,09:53AM,"If I Could Only Buy 3 Warren Buffett Stocks Through 2025, I'd Pick These Dividend Stocks"
309,JPM,2024-10-24,10:01AM,"Dividend Investor Earning $11,500 Per Month Shares Portfolio Details: Top 7 Stocks"
310,JPM,2024-10-24,09:14AM,J.P. Morgan and Rothschild & Co lead retail M&A financial advisers for Q1-Q3
311,JPM,2024-10-24,04:00AM,Wall Streets trading desks are having a great year. The election could keep that going.
312,JPM,2024-10-23,05:01PM,JPMorgan Chase & Co's Strategic Acquisition of Vasta Platform Ltd Shares
313,JPM,2024-10-23,05:01PM,JPMorgan Chase & Co's Strategic Acquisition of TELUS International Shares
315,JPM,2024-10-23,05:01PM,JPMorgan Chase & Co. Increases Stake in Lyft Inc
316,JPM,2024-10-23,05:01PM,JPMorgan Chase & Co. Increases Stake in Aptiv PLC
317,JPM,2024-10-23,05:01PM,JPMorgan Chase & Co's Strategic Acquisition in Agriculture & Natural Solutions ...
318,JPM,2024-10-23,03:20PM,Goldman Sachs: JPMorgan Chase & Co. (NYSE:JPM) Has Got Mutual & Hedge Fund Managers Divided
319,JPM,2024-10-23,02:55PM,Apple and Goldman Sachs Fined More Than $89 Million For Apple Card Issues
320,JPM,2024-10-23,01:01PM,"JPMorgan looks to resume trading physical LNG, Bloomberg News reports"
321,JPM,2024-10-23,12:21PM,JPMorgan CEO Jamie Dimon eyes Harris administration role: NYT
322,JPM,2024-10-23,11:24AM,JPMorgan Eyes Physical LNG Trading After Dimon Hails Boon
323,JPM,2024-10-23,11:10AM,A key piece of Kamala Harriss closing message: 'I am a capitalist'
324,JPM,2024-10-23,10:34AM,JPMorgan names insider Michelle Herrick as head of commercial real estate
326,JPM,2024-10-23,07:05AM,Jamie Dimon would reportedly consider joining a Harris administration
327,JPM,2024-10-23,07:03AM,JPMorgan introduces private markets data solutions
328,JPM,2024-10-23,04:00AM,"Final Impact Disclosure Guidance Released, Aimed to Scale Financing for the UN Sustainable Development Goals"
329,JPM,2024-10-23,02:45AM,Oil declines as traders look to US stockpiles and Middle East
330,JPM,2024-10-22,02:57PM,Hedge Fund Altana Accused of Taking Secrets by Partner After Deal Soured
331,JPM,2024-10-22,09:00AM,J.P. Morgan Launches Private Markets Data Solutions for Institutional Investors
332,JPM,2024-10-22,07:00AM,"JPMorgan-El Salvador Swap Needs Scrutiny, Barclays Analysts Say"
333,JPM,2024-10-21,12:00PM,"J.P. Morgan Unveils 2025 Long-Term Capital Market Assumptions, Highlighting Strong Foundations for 60/40 Portfolios and Opportunities to Enhance Returns Through Active Management and Alternatives"
334,JPM,2024-10-21,10:00AM,"JPMorgan rehires scientist Sarah Kapnick in climate push, memo shows"
335,JPM,2024-10-21,05:42AM,"JP Morgan, UBS lead APAC M&A financial advisory rankings for Q1-Q3 2024"
336,JPM,2024-10-20,10:03AM,How AI will transform wealth management
337,JPM,2024-10-18,01:17PM,Netflix Stock Hits Record High as Analysts Call Streamer 'Top Pick' After Blowout Earnings
338,JPM,2024-10-18,05:43AM,"JP Morgan, Houlihan Lokey lead North America M&A financial advisory for Q1-Q3 2024"
339,JPM,2024-10-18,04:00AM,The one big bank that had a challenging week
340,JPM,2024-10-17,04:55PM,JPMorgan opens financial center in Columbus Circle in bet on wealthy customers
342,JPM,2024-10-17,04:26PM,JPMorganChase Elects Brad D. Smith to Its Board of Directors
343,JPM,2024-10-17,03:04PM,JPMorgan Chase & Co's Strategic Acquisition in Utz Brands Inc
344,JPM,2024-10-17,03:04PM,JPMorgan Chase & Co. Bolsters Stake in NXP Semiconductors NV
345,JPM,2024-10-17,03:04PM,JPMorgan Chase & Co. Reduces Stake in Regenxbio Inc
346,JPM,2024-10-17,03:04PM,JPMorgan Chase & Co. Bolsters Position in MGIC Investment Corp with Recent Share Acquisition
347,JPM,2024-10-17,03:04PM,JPMorgan Chase & Co's Strategic Reduction in Dover Corp Holdings
348,JPM,2024-10-17,03:03PM,JPMorgan Chase & Co. Reduces Stake in Copa Holdings SA
349,JPM,2024-10-17,03:03PM,JPMorgan Chase & Co's Strategic Reduction in Confluent Inc Holdings
350,JPM,2024-10-17,03:03PM,JPMorgan Chase & Co.'s Strategic Reduction in CMS Energy Corp Holdings
351,JPM,2024-10-17,03:03PM,JPMorgan Chase & Co's Strategic Acquisition of Baker Hughes Co Shares
352,JPM,2024-10-17,03:03PM,JPMorgan Chase & Co's Strategic Reduction in Axalta Coating Systems Ltd Shares
353,JPM,2024-10-17,02:05PM,How Big Banks are using AI and what it means for workers
354,JPM,2024-10-17,01:42PM,JPMorgan Chase (JPM): Leading Low-Cost Stock with AI and Biometric Innovations
355,JPM,2024-10-17,12:52PM,"'It's a frenzy': JPMorgan Chase, Capital One dominate AI arms race"
356,JPM,2024-10-17,09:22AM,Here's What Powered JPMorgan Chase to a Pair of Third-Quarter Beats
357,JPM,2024-10-17,08:42AM,JPMorgan Wraps Up $1 Billion Debt-Swap Deal for El Salvador
358,JPM,2024-10-17,05:00AM,"JPMorgan Chase Stock: Buy, Sell, or Hold?"
359,JPM,2024-10-17,05:00AM,JPMorgan Chase is winning the AI banking race  and its lead is getting bigger
360,JPM,2024-10-16,06:31PM,"Robinhood reveals new look, will start offering futures and index options trading"
361,JPM,2024-10-16,03:27PM,What's the next M&A catalyst as investment banking activity rises?
362,JPM,2024-10-16,02:22PM,The Future of Cars and Search
363,JPM,2024-10-16,12:49PM,JPMorgan Plans Risk Transfer Linked to $3 Billion Loan Portfolio
364,JPM,2024-10-16,12:30PM,Morgan Stanley is a 'standout' among banks in Q3: Strategist
365,JPM,2024-10-16,11:36AM,2 reasons why investment banking activity is up this quarter
366,JPM,2024-10-16,10:05AM,Morgan Stanley Stock Jumps After It Becomes the Latest Bank to Beat Estimates
367,JPM,2024-10-16,08:12AM,Investment banking surge at Morgan Stanley solidifies Wall Street revival
368,JPM,2024-10-16,06:04AM,Tech is leading markets higher  but 3 other sectors have joined in: Morning Brief
369,JPM,2024-10-16,06:00AM,Bank of Americas Wall Street Bet Pays Off
370,JPM,2024-10-16,04:00AM,'Signature bites' and free umbrellas: Inside JPMorgans plan to lure more rich people to its branches
371,JPM,2024-10-16,12:04AM,Exclusive-Jamie Dimon charts JPMorgan expansion plan into Africa
372,JPM,2024-10-15,07:33PM,Goldman Sachs execs flag a growing trend that's affecting its business
373,JPM,2024-10-15,05:04PM,JPMorgan Chase & Co's Strategic Acquisition of Yum Brands Shares
374,JPM,2024-10-15,05:03PM,JPMorgan Chase & Co.'s Strategic Acquisition of Western Digital Shares
375,JPM,2024-10-15,05:03PM,JPMorgan Chase & Co's Strategic Acquisition of Warner Music Group Shares
376,JPM,2024-10-15,05:03PM,JPMorgan Chase & Co. Increases Stake in Vicor Corp
377,JPM,2024-10-15,05:03PM,JPMorgan Chase & Co.'s Strategic Reduction in Ventas Inc Holdings
378,JPM,2024-10-15,05:03PM,JPMorgan Chase & Co. Reduces Stake in The Travelers Companies Inc.
379,JPM,2024-10-15,05:02PM,JPMorgan Chase & Co's Strategic Acquisition in Regency Centers Corp
380,JPM,2024-10-15,04:39PM,JPMorgan Sells $8 Billion of Corporate Bonds After Earnings
381,JPM,2024-10-15,04:34PM,JPMorganChase Declares Preferred Stock Dividends
382,JPM,2024-10-15,04:17PM,Three Things We Learned From Big Bank Q3 Earnings
383,JPM,2024-10-15,03:59PM,Citi's performance was 'a little sluggish': Analyst on earnings
384,JPM,2024-10-15,02:04PM,Three Big Takeaways From Bank Earnings
385,JPM,2024-10-15,11:50AM,Lower interest rates will change the game for big banks. Here's how
386,JPM,2024-10-15,11:50AM,"2Gether-International and JPMorganChase Partner on 'Venture Labs,' a Pre-Accelerator Program for Idea-Stage Founders with Disabilities"
387,JPM,2024-10-15,11:00AM,J.P. Morgan Private Capital Hires Paris Heymann to Expand Technology Investment Capabilities
388,JPM,2024-10-15,09:00AM,Here is What to Know Beyond Why JPMorgan Chase & Co. (JPM) is a Trending Stock
389,JPM,2024-10-15,07:58AM,5 Things to Know Before the Stock Market Opens
390,JPM,2024-10-15,07:42AM,Goldman Sachs Stock Rises as Results Surpass Estimates
391,JPM,2024-10-15,07:32AM,Goldman profits surge 45% as dealmaking stages comeback
392,JPM,2024-10-15,07:32AM,'Soft landing' optimism spurs broad Wall Street rebound at big banks
393,JPM,2024-10-15,07:12AM,"J.P. Morgan, Capital One Commit $260MM to Arizona Solar Project"
394,JPM,2024-10-15,07:04AM,Bank of America Joins Rivals in Topping Q3 Estimates
395,JPM,2024-10-14,08:41PM,"If the Fed cuts more slowly, that's good for JPMorgan, says Jim Cramer"
396,JPM,2024-10-14,05:23PM,Nvidia and other chip stocks surge with no sign of AI spending slowdown  for now
397,JPM,2024-10-14,04:59PM,"What to expect from bank earnings: BofA, Citi, Goldman"
398,JPM,2024-10-14,10:52AM,"JPMorgan Hires Paris Heymann for Venture, Growth-Equity Bets"
399,JPM,2024-10-14,10:38AM,"Nvidia stock eyes record high, looks to unseat Apple as world's most valuable company"
400,JPM,2024-10-14,10:38AM,Nvidia stock eyes record high to unseat Apple as world's most valuable company
401,JPM,2024-10-14,08:27AM,"JPMorgan Chase (JPM) Expands with First Republic Bank Acquisition, Boosting Earnings"
402,JPM,2024-10-14,08:00AM,Invest with Confidence: Intrinsic Value Unveiled of JPMorgan Chase & Co
403,JPM,2024-10-14,06:45AM,Opening Day: Another trio of biotech IPOs make Friday debut
404,JPM,2024-10-14,06:45AM,Global Banks Embark on a New Wave of Product Innovation Targeting Nature
405,JPM,2024-10-14,06:15AM,JPMorgan price target raised to $237 from $224 at Morgan Stanley
406,JPM,2024-10-14,06:10AM,JPMorgan price target raised to $240 from $225 at Wells Fargo
407,JPM,2024-10-14,04:53AM,4 High-Yield Dividend ETFs to Buy to Generate Passive Income
408,JPM,2024-10-12,07:00PM,JPMorgan price target raised to $251 from $237 at Goldman Sachs
409,JPM,2024-10-12,06:00AM,Soft landing or hard? Bank results show path to no landing
410,JPM,2024-10-12,03:30AM,JPMorgan and Wells Fargo Earnings Show the U.S. Economys 2 Realities
411,JPM,2024-10-12,03:00AM,JPMorgan Chase & Co (JPM) Q3 2024 Earnings Call Highlights: Strong Net Income Amid Rising ...
412,JNJ,2024-10-24,08:00AM,"If You Invested $10,000 In Johnson & Johnson Stock 10 Years Ago, How Much Would You Have Now?"
413,JNJ,2024-10-24,08:00AM,Johnson & Johnson highlights innovative neuropsychiatry portfolio and pipeline at Psych Congress
414,JNJ,2024-10-24,05:21AM,Meet the Only 2 Game-Changing Businesses With a Higher Credit Rating Than the U.S. Government
415,JNJ,2024-10-24,04:00AM,J&Js Asish Xavier on biotechs rebound in a volatile era
416,JNJ,2024-10-24,01:02AM,Decoding Johnson & Johnson (JNJ): A Strategic SWOT Insight
418,JNJ,2024-10-23,05:03PM,J&Js Darzalex combination gains expanded label for multiple myeloma in Europe
419,JNJ,2024-10-23,09:00AM,Investors Heavily Search Johnson & Johnson (JNJ): Here is What You Need to Know
420,JNJ,2024-10-23,04:30AM,This Setback for Johnson & Johnson Is 1 More Green Light for Eli Lilly's Stock
421,JNJ,2024-10-22,01:13AM,"Boston Scientific, Edwards and Dexcom usher in second week of earnings"
422,JNJ,2024-10-21,05:03PM,S&P 500 Gains and Losses Today: Housing Stocks Fall as Rate-Cut Outlook Softens
423,JNJ,2024-10-21,03:33PM,"Stocks trading lower: Boeing, Kenvue, ASML, and more are big movers"
424,JNJ,2024-10-21,11:26AM,Starboard Value Buys Into Dow Jones Spinoff; ELF Beauty Rallies
425,JNJ,2024-10-21,10:47AM,Kenvue: Starboard Pushes for a Bold Turnaround
426,JNJ,2024-10-21,09:57AM,Tylenol Maker Kenvue Stock Surges on Report Starboard Takes 'Sizable Stake'
427,JNJ,2024-10-21,05:30AM,J&Js Ketamine-Derived Drug Is Taking Off
429,JNJ,2024-10-20,11:00AM,The 'Texas two-step' is back as J&J tries to shed talc lawsuits for a third time
430,JNJ,2024-10-19,05:40PM,"All It Takes Is $2,500 Invested in Each of These 3 High-Yield Dow Dividend Stocks to Help Generate Over $300 in Passive Income Per Year"
431,JNJ,2024-10-19,09:57AM,Want Decades of Passive Income? 2 Stocks to Buy Now and Hold Forever
432,JNJ,2024-10-18,03:25PM,Johnson & Johnson (JNJ): Growth Prospects Enhanced by Key Acquisitions and Approvals
433,JNJ,2024-10-18,02:34PM,BofA Upgrades Tyra Biosciences As Investors Focus On Preclinical Data Amid High Benchmarks Set By Johnson & Johnson's Drug
434,JNJ,2024-10-18,08:27AM,Boston Scientific stock down as Needham cuts to Hold on growth concerns
435,JNJ,2024-10-18,05:10AM,3 No-Brainer Pharmaceutical Stocks to Buy With $500 Right Now
436,JNJ,2024-10-17,08:18AM,Johnson & Johnson price target raised to $181 from $178 at RBC Capital
437,JNJ,2024-10-17,04:14AM,This Magnificent Dividend Stock Is as Healthy as It Gets
438,JNJ,2024-10-16,04:04PM,J&J trims neuroscience pipeline  seltorexant in Alzheimers disease dropped
439,JNJ,2024-10-16,02:31PM,"Johnson & Johnson's MedTech Challenges Loom Amid Chinese Market Pressures And Orthopedics Overhaul, Analysts Say"
440,JNJ,2024-10-16,11:48AM,J&J makes surgical robotic moves with Ottava FDA IDE application
441,JNJ,2024-10-16,05:27AM,"Johnson & Johnson Beats Wall Street Estimates. Is It Time to Buy, Sell, or Hold?"
442,JNJ,2024-10-16,03:00AM,Johnson & Johnson (JNJ) Q3 2024 Earnings Call Highlights: Strong Sales Growth Amidst ...
443,JNJ,2024-10-16,12:41AM,Q3 2024 Johnson & Johnson Earnings Call
445,JNJ,2024-10-15,07:05PM,Connecticut Jury Delivers $15 Million Asbestos Verdict Against Johnson & Johnson
446,JNJ,2024-10-15,06:08PM,"Deloitte, Johnson & Johnson execs say people arent using their health benefits until they are in crisis"
447,JNJ,2024-10-15,06:06PM,Asian Stocks to Track US Selloff as Tech Slumps: Markets Wrap
448,JNJ,2024-10-15,04:07PM,J&J Stock Leapfrogs 50-Day Line After Health Care Titan Raises Sales Outlook
449,JNJ,2024-10-15,04:06PM,"UnitedHealth, Walgreens, J&J: Health earnings in focus"
450,JNJ,2024-10-15,03:45PM,"J&J must pay $15 million to man who says its talc caused his cancer, jury finds"
451,JNJ,2024-10-15,03:26PM,Cancer Drugs Propel J&J Beyond Wall Street Estimates
452,JNJ,2024-10-15,02:30PM,Johnson & Johnson (JNJ) Q3 2024 Earnings Call Transcript
453,JNJ,2024-10-15,01:39PM,Jim Cramer Says Is It The Beginning Of The End Of Johnson & Johnson (JNJ)s Multi-Year Legal overhang? Could Be
454,JNJ,2024-10-15,12:46PM,This is the 3-point checklist for healthcare earnings: Strategist
455,JNJ,2024-10-15,11:39AM,Analyst Report: Johnson & Johnson
456,JNJ,2024-10-15,11:07AM,"Stocks to Watch Tuesday: J&J, United Health, Apple, Walgreens"
457,JNJ,2024-10-15,10:56AM,"J&J Reports Strong Earnings, Grapples with Ongoing Legal Challenges"
458,JNJ,2024-10-15,10:09AM,"Johnson & Johnson Stock Rises on Better-Than-Expected Revenue, Adjusted Profit"
459,JNJ,2024-10-15,10:09AM,Johnson & Johnson Posts Weaker-Than-Expected Profit on Billions in Legal Costs
460,JNJ,2024-10-15,09:41AM,"J&J Earnings Beat Expectations, Aided by Prescription-Drug Sales"
461,JNJ,2024-10-15,09:30AM,Johnson & Johnson (JNJ) Reports Q3 Earnings: What Key Metrics Have to Say
462,JNJ,2024-10-15,08:20AM,"Johnson & Johnson's Q3 Earnings: Revenue And EPS Beat On Strong Cancer Drug Sales, Revises Annual Outlook To Reflect V-Wave Acquisition"
463,JNJ,2024-10-15,08:09AM,J&J Reports Strong Earnings but Talc Worries Remain. The Stock Falls.
464,JNJ,2024-10-15,08:03AM,Johnson & Johnson Earnings Top; Dow Giant Falls Amid Lowered Outlook
465,JNJ,2024-10-15,08:00AM,Invest with Confidence: Intrinsic Value Unveiled of Johnson & Johnson
466,JNJ,2024-10-15,08:00AM,Nipocalimab demonstrates sustained disease control in adolescents living with generalized myasthenia gravis in Phase 2/3 study
467,JNJ,2024-10-15,07:35AM,Johnson & Johnson (JNJ) Tops Q3 Earnings and Revenue Estimates
468,JNJ,2024-10-15,07:11AM,"Johnson & Johnson reports Q3 beat, raises sales guidance"
469,JNJ,2024-10-15,06:32AM,Johnson & Johnson: Q3 Earnings Snapshot
470,JNJ,2024-10-15,06:25AM,Johnson & Johnson Announces Quarterly Dividend for Fourth Quarter 2024
471,JNJ,2024-10-15,06:22AM,"J&J lifts profit and sales forecasts, beats Wall Street expectations"
472,JNJ,2024-10-15,06:20AM,Johnson & Johnson Reports Q3 2024 Results
473,JNJ,2024-10-14,05:32PM,"How to play biotech stocks: Johnson & Johnson, Pfizer"
474,JNJ,2024-10-14,05:15PM,"Bank of America, Q3 earnings, Fedspeak: What to Watch"
475,JNJ,2024-10-14,10:49AM,More Patients On Eli Lilly's Mirikizumab Achieved Histologic Response At One Year Compared To Johnson & Johnson's Drug
476,JNJ,2024-10-14,08:27AM,Is Johnson & Johnson (JNJ) Stock Set for Further Gains?
477,JNJ,2024-10-14,06:00AM,"J&J, Abbott and Intuitive kick off latest medtech earnings season"
478,JNJ,2024-10-13,06:00AM,What To Expect in the Markets This Week
479,JNJ,2024-10-12,05:40AM,There Are Only 28 S&P 500 Companies Warren Buffett Can't Buy Outright. Here's the Best of the Bunch for Income Investors.
480,JNJ,2024-10-11,04:57PM,"Netflix earnings, retail rales data, Fedspeak: What to watch"
481,JNJ,2024-10-11,11:53AM,J&Js Court-Shopping Win Highlights Irresistible Bankruptcy Tool
482,JNJ,2024-10-11,10:48AM,XtalPis AI biologics discovery platform licensed to Janssen Biotech
483,JNJ,2024-10-11,07:23AM,Sanofi in Talks to Sell Controlling Stake in Consumer Health Arm to CD&R
484,JNJ,2024-10-11,05:00AM,What You Need To Know Ahead of Johnson & Johnson's Earnings
485,JNJ,2024-10-10,07:39PM,Is Johnson & Johnson (NYSE:JNJ) The Most Popular Stock Among Mutual Funds According To Goldman Sachs?
486,JNJ,2024-10-10,06:16PM,J&J talc bankruptcy stays in Texas despite 'forum-shopping' opposition
487,JNJ,2024-10-10,05:45PM,Johnson & Johnson (JNJ) Stock Moves -0.09%: What You Should Know
488,JNJ,2024-10-10,04:30PM,Johnson & Johnson to Participate in the Stifel 2024 Healthcare Conference
489,JNJ,2024-10-10,10:39AM,J&J takes over heart failure treatment company V-Wave
490,JNJ,2024-10-10,09:15AM,Johnson & Johnson (JNJ) Q3 Earnings Preview: What You Should Know Beyond the Headline Estimates
491,JNJ,2024-10-10,08:00AM,TREMFYA (guselkumab) demonstrates impressive results across biologic-nave and biologic-refractory patients in Crohn's disease and ulcerative colitis
492,JNJ,2024-10-09,11:21AM,MSD ventures into fibroblast therapies with $1.9bn deal with Mestag
493,JNJ,2024-10-09,09:00AM,Here is What to Know Beyond Why Johnson & Johnson (JNJ) is a Trending Stock
494,JNJ,2024-10-09,08:00AM,Johnson & Johnson Completes Acquisition of V-Wave
495,JNJ,2024-10-09,07:51AM,Johnson & Johnson price target raised to $178 from $175 at RBC Capital
496,JNJ,2024-10-09,07:00AM,Protein prediction wins chemistry Nobel; Alnylam submits an all-important drug application
497,JNJ,2024-10-08,03:44PM,Is Johnson & Johnson (JNJ) the Best Cheap Stock to Buy According to Billionaire Ray Dalio?
498,JNJ,2024-10-08,02:00PM,What To Expect When Johnson & Johnson Reports Q3 Earnings Next Week?
499,JNJ,2024-10-08,10:00AM,Analysts Estimate Johnson & Johnson (JNJ) to Report a Decline in Earnings: What to Look Out for
500,JNJ,2024-10-08,07:05AM,Johnson & Johnson discontinues Phase III study of treatment for bladder cancer
501,JNJ,2024-10-05,07:20PM,Is Johnson & Johnson (JNJ) the Best Stock to Buy According to Billionaire Ray Dalio?
502,JNJ,2024-10-04,04:30PM,Johnson & Johnson to Participate in the Guggenheim Global Healthcare Conference
503,JNJ,2024-10-04,01:37PM,Chicago Court Upholds $45 Million Mesothelioma Verdict Against Johnson & Johnson
504,JNJ,2024-10-04,12:46PM,Johnson & Johnson Ends Phase 2 Study For Dengue Antiviral Amid R&D Reprioritization
505,JNJ,2024-10-04,12:34PM,Sanofi Healthcare Bidders Revising Offers Over Talc Concerns
506,JNJ,2024-10-04,09:19AM,J&J discontinues dengue drug study after changes in R&D portfolio
507,JNJ,2024-10-04,08:55AM,Wells Fargo says there is a risk that Johnson & Johnson will guide lower
508,JNJ,2024-10-04,07:00AM,"Opdivo gets perioperative approval; pharmas cut jobs in New Jersey, Ireland"
509,JNJ,2024-10-04,05:20AM,2 Smart Income Stocks to Buy Right Now
510,JNJ,2024-10-03,05:45PM,Why Johnson & Johnson (JNJ) Dipped More Than Broader Market Today
511,JNJ,2024-10-03,08:30AM,Beyond the Horizon: Innovative Drug Combinations Offer New Hope for Alzheimer's and More
512,JNJ,2024-10-02,11:00AM,Johnson & Johnson's Erleada Shows Improved Overall Survival In Prostate Cancer Patients Compared To Pfizer's Drug
513,JNJ,2024-10-02,09:00AM,ERLEADA (apalutamide) demonstrates statistically significant and clinically meaningful improvement in overall survival compared to enzalutamide in patients with metastatic castration-sensitive prostate cancer
514,JNJ,2024-10-01,03:00PM,"55-Year-Old Who Reached $3,900 Per Month Income In Just 5 Years Shares Portfolio: Top 9 Stocks And ETFs"
515,XOM,2024-10-22,12:46PM,ExxonMobil to Release Third Quarter 2024 Financial Results
516,XOM,2024-10-22,11:02AM,Amber CEO Goff Resigns from Exxon Mobil Board
517,XOM,2024-10-22,05:03AM,"Nigeria approves Exxon-Seplat deal, blocks Shell sale"
518,XOM,2024-10-21,05:45PM,Exxon Mobil (XOM) Rises As Market Takes a Dip: Key Facts
519,XOM,2024-10-21,07:37AM,Nigeria approves Exxon-Seplat deal after more than two years
521,XOM,2024-10-19,04:31PM,Exxon Mobil Board Member Gregory Goff Steps Down
522,XOM,2024-10-18,05:00AM,Billion-Barrel Oil Discoveries Drive South American Energy Cooperation
523,XOM,2024-10-17,05:01PM,State Street Corp's Strategic Adjustment in Exxon Mobil Holdings
524,XOM,2024-10-17,10:00AM,Want Decades of Passive Income? 2 Stocks to Buy Right Now
525,XOM,2024-10-17,07:12AM,Guyana finalises production sharing agreements for five offshore blocks
526,XOM,2024-10-16,09:00AM,Exxon Mobil Corporation (XOM) is Attracting Investor Attention: Here is What You Should Know
527,XOM,2024-10-16,05:45AM,3 Incredible Dividend Stocks That Just Hit All-Time Highs but Could Have More Room to Run
528,XOM,2024-10-16,05:32AM,"ExxonMobil looking to divest Bakken shale assets in North Dakota, US"
529,XOM,2024-10-15,03:15PM,Exxon seeks buyers for portion of assets in North Dakota's Bakken shale
530,XOM,2024-10-15,11:05AM,"Why ExxonMobil, Shell, and ConocoPhillips Stocks Dropped Tuesday"
532,XOM,2024-10-15,06:38AM,"If You Like ExxonMobil's Dividend, You Should Check Out This Rival Oil Stock"
533,XOM,2024-10-14,05:45PM,Exxon Mobil (XOM) Advances But Underperforms Market: Key Facts
534,XOM,2024-10-14,08:27AM,Exxon Mobil (XOM) Invests in Low-Carbon Tech Amid Oil Sector Dominance
535,XOM,2024-10-13,09:30AM,Did Exxon lie about recycling? California widens climate fight with 'kind of new' legal strategy.
536,XOM,2024-10-13,05:02AM,Could Occidental Petroleum Become the Next ExxonMobil?
537,XOM,2024-10-12,12:03PM,Exxon Mobil Corp (XOM)s 42-Year Dividend Streak Continues
538,XOM,2024-10-12,03:00AM,3 Dividend-Paying ETFs to Buy Now Amid Surging Oil Prices
539,XOM,2024-10-11,02:56PM,"Oil Eases as Traders Await Israeli Strike, Chinese Stimulus"
540,XOM,2024-10-11,10:28AM,Exxon Mobil and Chevron Earnings Face This Risk After BP Flags Problem
541,XOM,2024-10-11,09:48AM,ExxonMobil Extends Exploration Offshore Greece by over Three Years
542,XOM,2024-10-11,08:30AM,Sustainability Of Energy Stocks Is Clouded By 2024 Election Uncertainty
543,XOM,2024-10-11,08:13AM,"Exxon, Chevron Earnings Face This Risk After BP Profit Warning"
544,XOM,2024-10-11,07:30AM,Exxon Mobil upgraded to Outperform from Sector Perform at Scotiabank
545,XOM,2024-10-11,05:42AM,Exxon Mobil secures record offshore CO2 storage lease in the US
546,XOM,2024-10-11,03:14AM,"After Hitting an All-Time High, Is ExxonMobil the Best Energy Dividend Stock to Buy Amid Rising Oil Prices?"
548,XOM,2024-10-10,07:39PM,Is Exxon Mobil Corporation (NYSE:XOM) The Most Popular Stock Among Mutual Funds According To Goldman Sachs?
549,XOM,2024-10-10,04:43PM,Is It Time To Buy Or Sell ExxonMobil Stock As It Breaches A Resistance Level?
550,XOM,2024-10-10,12:47PM,ExxonMobil-led group increases natural gas exploration near Crete
551,XOM,2024-10-10,08:30AM,ExxonMobil Secures Largest CO2 Offshore Storage Site in the U.S.
552,XOM,2024-10-10,08:30AM,Exxon Granted Largest US Offshore Carbon Storage Site in Texas
553,XOM,2024-10-10,04:18AM,"ExxonMobil-led consortium to continue seismic research for gas off Crete, says Greece"
554,XOM,2024-10-09,06:09AM,Is ExxonMobil (XOM) the Energy Powerhouse You Should Invest In Now?
555,XOM,2024-10-08,04:23PM,Why investors should hold energy plays amid Mideast tensions
556,XOM,2024-10-07,05:45PM,Exxon Mobil (XOM) Increases Despite Market Slip: Here's What You Need to Know
557,XOM,2024-10-07,05:30PM,Federal Trade Commission targets another O and G CEO
558,XOM,2024-10-07,04:24PM,Oil Prices Top Key Hurdle As Israel Prepares Response To Iran: These Stocks Are Actionable
559,XOM,2024-10-07,07:44AM,5 Things to Know Before the Stock Market Opens
560,XOM,2024-10-07,07:34AM,Will Netflix and Exxon stock keep ripping to record highs?
561,XOM,2024-10-07,05:22AM,ExxonMobil's Profits Are About to Fall. Is the Oil Stock Still a Buy?
562,XOM,2024-10-06,10:31PM,Watch These ExxonMobil Price Levels as Stock Trades at Record High
563,XOM,2024-10-06,02:36PM,Is Exxon Mobil Corp. (XOM) the Most Undervalued Large Cap Stock to Invest In Now?
564,XOM,2024-10-06,02:22PM,Big Oil Urges Trump Not to Gut Bidens Climate Law
565,XOM,2024-10-06,11:05AM,Oil stocks have more room to run as tension in the Middle East escalates
566,XOM,2024-10-04,06:34PM,How options can help traders manage risk
567,XOM,2024-10-04,05:29PM,Exxon Mobils Q3 Financial Performance Projections
568,XOM,2024-10-04,04:03PM,If Oil Prices Jump Past This Level On Middle East Tensions These Stocks Could Kick Into Overdrive
569,XOM,2024-10-04,01:53PM,"Stocks on the Move: Vistra, GE Vernova, Exxon and Apollo"
570,XOM,2024-10-04,01:52PM,ExxonMobil Warns Lower Oil Prices and Refining Margins Will Hurt Q3 Profit
571,XOM,2024-10-04,09:00AM,Exxon Mobil Corporation (XOM) Is a Trending Stock: Facts to Know Before Betting on It
572,XOM,2024-10-04,08:48AM,Exxon Mobil Braces For Q3 Earnings Hit As Oil Price Swings Bite Into Profits
573,XOM,2024-10-04,05:49AM,Want a Little More Income Out of ExxonMobil Stock? Don't Outsmart Yourself.
574,XOM,2024-10-03,05:18PM,"Exxon Sees $1.6 Billion Earnings Hit From Oil, Refining Margins"
575,XOM,2024-10-03,05:06PM,Exxon Mobil expects 3rd-quarter earnings were hit by lower oil prices
576,XOM,2024-10-03,05:00PM,Should Investors Chase the Surge in Exxon Mobil (XOM) Stock?
577,XOM,2024-10-03,01:29PM,Biden Refrains From Ruling Out Israel Strike On Iran's Oil Infrastructure; Oil Prices Jump
578,XOM,2024-10-03,08:13AM,Exxon's deal with unions at Port Jerome refinery to allow job-cutting plan to move ahead
579,XOM,2024-10-02,01:01PM,Energy Boost: Oil Stocks Run Isnt Over as Iran-Israel Tension Escalates
580,XOM,2024-10-02,08:42AM,Energy Stocks Rise as Oil Jumps on Middle East Tensions
581,XOM,2024-10-02,07:43AM,"Higher Oil Prices Are Good News for Exxon, Chevon, Occidental"
582,XOM,2024-10-02,06:00AM,3 Stocks to Buy Now That Are on Their Way to Being Crowned Dividend Kings by 2045 (or Sooner)
583,XOM,2024-10-01,07:26PM,Analyst Report: Exxon Mobil Corporation
584,XOM,2024-10-01,05:04PM,Oil Producers Bet Big on Suriname. Could It Be the Next Guyana?
585,XOM,2024-10-01,03:37PM,Oil Soars After Iran Launches Rockets at Israel in Direct Attack
586,XOM,2024-10-01,02:00PM,"Why ExxonMobil, Conoco Phillips, and Lockheed Martin Rallied on a Down Day for the Markets"
587,XOM,2024-10-01,01:37PM,The FTC Is Delaying Big-Oil Mergers. Its Not Stopping Deals From Closing.
588,XOM,2024-10-01,01:37PM,"Final Trades: Exxon, Chemed, Las Vegas Sands and the IEO"
589,XOM,2024-10-01,10:18AM,Big oil's big payouts under strain as energy prices fall
590,XOM,2024-10-01,08:35AM,Nigerian President says reforms drew $30b in FDI last year
591,XOM,2024-10-01,07:35AM,Exxon Mobil price target lowered to $117 from $121 at Truist
592,XOM,2024-10-01,05:25AM,Why Top Oil Stocks Like ExxonMobil and Chevron Continue to Fall Despite China's Stimulus and Interest Rate Cuts
593,XOM,2024-09-30,05:45PM,Exxon Mobil (XOM) Exceeds Market Returns: Some Facts to Consider
594,XOM,2024-09-30,05:42PM,"FTC Clears Chevron-Hess Merger, But Bans Hess CEO From Joining Board"
595,XOM,2024-09-30,12:25PM,"Hess CEOs OPEC Communication Disqualifies Him From Chevron Board, FTC Says"
596,XOM,2024-09-30,12:22PM,92 Hedge Funds Hold Positions in Exxon Mobil Corp. (XOM) as of Q2 2024
597,XOM,2024-09-30,10:44AM,"US FTC allows Chevron-Hess deal, bars John Hess from board"
598,XOM,2024-09-30,09:14AM,Jim Cramer on Exxon Mobil (XOM): This is Not the Moment to Own Oil
599,XOM,2024-09-30,07:04AM,Big US oil companies reveal massive payments to foreign governments
600,XOM,2024-09-29,07:29PM,20 States with the Highest Gas Taxes in the US
601,XOM,2024-09-29,02:15PM,Is ExxonMobil Stock a Buy?
602,XOM,2024-09-28,02:34PM,Exxon director joins Elliott group seeking to acquire Citgo Petroleum
603,XOM,2024-09-27,05:10PM,20 Geopolitical Events with Highest Impact on S&P 500
604,XOM,2024-09-27,10:17AM,Guangdong Energy Group set to commence operations at new $1bn LNG terminal
605,XOM,2024-09-27,06:23AM,Exxon Mobil Corporation (XOM): An Undervalued Wide Moat Stock to Buy According to Analysts
606,XOM,2024-09-27,06:16AM,ExxonMobil plans $10bn investment in Nigerias offshore oil operations
607,XOM,2024-09-26,01:29PM,Nigeria Says Exxon Weighs $10 Billion Offshore-Oil Investment
608,XOM,2024-09-26,11:23AM,"Why ExxonMobil, ConocoPhillips, and Shell Stocks Dropped Today"
609,XOM,2024-09-26,10:20AM,Petrobras in Talks with Exxon and Others Over Africa Exploration
610,XOM,2024-09-26,06:56AM,Technip Energies and JGC secure FEED contract for Rovuma LNG project
611,XOM,2024-09-26,03:59AM,Exxon Mobil Corporation (XOM): A Good Undervalued Blue Chip Stock to Buy According to Analysts
612,XOM,2024-09-25,12:00PM,Low U.S. Natural Gas Prices Weigh on Oil Producers Cash Flows
613,XOM,2024-09-25,10:20AM,Explainer-California says Exxon's recycling claims created a 'public nuisance.' What does that mean?
614,XOM,2024-09-25,05:00AM,California sues Exxon for decades-long campaign of deception on plastics
615,XOM,2024-09-25,04:16AM,US FTC close to approving Chevrons $53bn acquisition of Hess
616,XOM,2024-09-25,12:11AM,Exxon Mobil Corporation (XOM): A Hidden Gem Among Blue Chips
617,XOM,2024-09-24,01:29PM,"Trade Tracker: Bill Baruch trims Tesla, sells SLB and buys more Exxon Mobil and Kinder Morgan"
618,F,2024-10-24,07:32AM,The Power Of Pickups Shows No Signs Of Fading Away Even In The EV Era
619,F,2024-10-23,10:32PM,Is Ford Motor Company (F) the Best EV Stock to Buy Right Now?
620,F,2024-10-23,09:00PM,Fords CEO has been driving the competitions EV for monthsand doesnt want to stop
621,F,2024-10-23,05:45PM,Ford Motor Company (F) Stock Moves -0.45%: What You Should Know
622,F,2024-10-23,09:15AM,Wall Street's Insights Into Key Metrics Ahead of Ford Motor (F) Q3 Earnings
624,F,2024-10-22,05:00PM,"GM earnings fuel further gains, continues to outperform Ford"
625,F,2024-10-22,02:34PM,General Motors Continues To Defy Expectations Thanks To Pickups And U.S. Demand
626,F,2024-10-22,12:52PM,Why Ford Stock Is Not a Confident Pre-Earnings Pick
627,F,2024-10-22,11:48AM,GM CFO: We are driving toward EV profits
628,F,2024-10-22,10:18AM,"GM beats on Q3 earnings, raises profit forecast for third time this year"
629,F,2024-10-22,10:18AM,"GM beats on Q3 earnings, raises profit forecast for 3rd time this year"
630,F,2024-10-21,05:43PM,Which Car Stocks to Own Heading Into Earnings
631,F,2024-10-21,01:21PM,Ford is offering car dealers extra cash to sell more electric trucks
632,F,2024-10-21,01:08PM,GM Q3 earnings preview: What to watch
633,F,2024-10-21,10:00AM,Ford Motor Company (F) Earnings Expected to Grow: Should You Buy?
635,F,2024-10-21,07:00AM,Graphite One Enters Into Agreements Providing Exclusive Access to Industry Leading Anode Manufacturing Technology
636,F,2024-10-21,06:19AM,"GM, Ford brace for investor scrutiny over pricing power, EV losses"
637,F,2024-10-18,09:10AM,"""Big 3"" carmakers face ""tough choices"" to hit inventory targets - Wells Fargo"
638,F,2024-10-18,04:00AM,Should You Buy the 3 Highest-Paying Dividend Stocks in the S&P 500?
639,F,2024-10-17,08:00AM,New Ford Pro Tool Runs the Numbers to Show Where Electric Makes Cents
640,F,2024-10-17,04:05AM,"Got $5,000? These 3 High-Yielding Dividend Stocks Pay More Than 5%."
641,F,2024-10-16,09:00AM,Investors Heavily Search Ford Motor Company (F): Here is What You Need to Know
642,F,2024-10-16,05:45AM,LGES signs Ford E-Transit battery deal
643,F,2024-10-15,06:48PM,"Kinetic Automation is using AI, robotics to make EV repairs easier"
644,F,2024-10-15,11:07AM,Ford Motor Company Announces Details for Q3 2024 Earnings Conference Call
645,F,2024-10-15,08:10AM,Is Ford Stock a Buy?
646,F,2024-10-15,04:41AM,"2 Ultra-High-Yield Dividend Stocks With Total Return Potential of Up to 92% in 12 Months, According to Select Wall Street Analysts"
647,F,2024-10-15,03:53AM,Q2 Earnings Review: Automobile Manufacturers Stocks Led by General Motors (NYSE:GM)
648,F,2024-10-15,02:47AM,"F, GM, or STLA: Which Traditional Automaker Is the Best Investment Choice?"
649,F,2024-10-15,02:38AM,LG Energy Solution signs two battery supply deals with Ford
651,F,2024-10-15,01:00AM,Main Street Comes Around to EVsJust as Wall Street Sours on Them
652,F,2024-10-14,05:45PM,Why Ford Motor Company (F) Outpaced the Stock Market Today
653,F,2024-10-14,02:42PM,EV sales are rising in the US and nearing an important turning point
654,F,2024-10-14,08:37AM,Ford Motor Company (F) Gains Hedge Fund Support as EV Sales Surge and New Models Hit the Market
655,F,2024-10-14,06:45AM,Is Ford About to Turn the Corner?
656,F,2024-10-13,05:00PM,The Remarkable Evolution of the Electric Vehicle
657,F,2024-10-13,11:56AM,"Tesla stock sell-off after robotaxi event could be just the beginning, pros warn"
658,F,2024-10-12,11:22AM,Ford Motor Company (F): Driving Growth with Ford Pro Solutions
659,F,2024-10-10,10:00AM,"Mel Goodes, Who Was Determined to Help Defeat Alzheimers, Dies at 89"
660,F,2024-10-08,11:46AM,Even The Mighty Toyota Bites The EV Slowdown Dust
661,F,2024-10-08,03:36AM,GM Meets With Investors Today. 4 Things To Watch.
662,F,2024-10-07,07:00PM,The EV Evolution Goes On With New Developments
663,F,2024-10-07,05:45PM,Ford Motor Company (F) Stock Moves -0.76%: What You Should Know
664,F,2024-10-07,08:30AM,ChargeScape Welcomes Nissan to its Alliance of Automakers Helping Drivers Save Money on EV Charging
665,F,2024-10-07,04:19AM,Automobile Manufacturers Stocks Q2 In Review: Tesla (NASDAQ:TSLA) Vs Peers
666,F,2024-10-07,03:00AM,Ford Motor Company Sued for Securities Law Violations - Contact the DJS Law Group to Discuss Your Rights - F
667,F,2024-10-05,11:14AM,Ford's Small EV Move Could Pay Off Big
668,F,2024-10-05,09:00AM,"Tesla's Cybertruck win, Hertz's EV headache, Trump and Musk tout Starlink: Tech news roundup"
669,F,2024-10-05,07:30AM,1 Wall Street Analyst Thinks Ford Stock Is Going to $13. Is It a Buy?
670,F,2024-10-05,03:00AM,Stellantis Just Served a Major Warning to Ford and GM Investors
671,F,2024-10-04,02:00PM,Is Ford Motor Co. (F) The Most Active US Stock To Buy Now?
672,F,2024-10-04,09:00AM,Ford Motor Company (F) is Attracting Investor Attention: Here is What You Should Know
673,F,2024-10-04,07:33AM,ANALYSIS  Lincoln future models
674,F,2024-10-03,10:20AM,"Ford, GM And Hyundai Are Adapting Differently To The Evolving EV Dynamics"
675,F,2024-10-03,09:45AM,"Ford Stock: Buy, Sell, or Hold?"
676,F,2024-10-02,02:53PM,"GM's EV Sales Growth Soars, While Ford's Show Only Modest Gains"
677,F,2024-10-02,02:01PM,Analyst Report: Ford Motor Company
678,F,2024-10-02,11:36AM,Ford's US Sales Edge Up In Q3; EV Sales Continue To Climb
679,F,2024-10-02,10:06AM,Ford Ekes Out Sales Gain on Hybrid Strength; Stellantis Slump Continues
680,F,2024-10-02,09:18AM,Ford reports weak US sales for third quarter
681,F,2024-10-02,08:15AM,Ford Motor Company Sued for Securities Law Violations - Contact the DJS Law Group to Discuss Your Rights - F
682,F,2024-10-02,06:30AM,The Best Part of Ford Nobody Is Talking About
683,F,2024-10-02,05:06AM,3 Sensational Ultrahigh-Yield Dividend Stocks That Make for No-Brainer Buys in the 4th Quarter (and Beyond)
684,F,2024-10-01,05:45PM,Ford Motor Company (F) Ascends While Market Falls: Some Facts to Note
685,F,2024-10-01,10:50AM,Is Ford Motor Company (F) the Best Stock Under $15 To Buy Now?
686,F,2024-10-01,09:37AM,Ford slashes annual and monthly prices for its BlueCruise hands-free driving feature
687,F,2024-10-01,09:35AM,Why Car Sales Are Stuck in the Slow Lane
688,F,2024-10-01,07:28AM,Ford Stock Is Rising. Goldman Says Shares Are Still A Buy.
689,F,2024-10-01,06:36AM,"Goldman upgrades Ford to Buy, trims price targets for auto-exposed stocks"
690,F,2024-09-30,05:52PM,Why the auto industry is under pressure
691,F,2024-09-30,05:35PM,These companies have the most exposure to China: Strategy Risks
692,F,2024-09-30,05:05PM,Stellantis Stock Has Worst Day Since 2020 After Automaker Cuts Guidance
693,F,2024-09-30,04:40PM,Automakers Are Doing Their Best To Combat The EV Slowdown
694,F,2024-09-30,04:20PM,"Stellantis Guidance Was So Bad, Ford and GM Stocks Are Getting Hit"
695,F,2024-09-30,04:18PM,Why Ford is 'a benefit' for investors: Analyst
696,F,2024-09-30,03:38PM,Ford is trying to sweeten the deal to sell EVs
697,F,2024-09-30,01:54PM,"Shareholders of Ford Motor Company Should Contact Levi & Korsinsky Before October 7, 2024 to Discuss Your Rights   F"
698,F,2024-09-30,12:51PM,"Dodge-parent Stellantis tumbles on warning, dragging auto stocks lower"
699,F,2024-09-30,12:49PM,"Ford, GM Stocks Slide After Jeep Maker Stellantis Cuts Guidance"
700,F,2024-09-30,09:48AM,Stellantis Stock Plunges as Jeep Maker Cuts Outlook
701,F,2024-09-30,08:05AM,Ford to offer free chargers to EV buyers through year-end
702,F,2024-09-30,07:53AM,5 Things to Know Before the Stock Market Opens
703,F,2024-09-30,06:58AM,"Ford, GM Stocks fall 3% After Jeep Maker Stellantis Warns About China Competition"
704,F,2024-09-30,04:22AM,3 High-Yield Dividend Stocks to Buy and Hold Forever
705,F,2024-09-29,12:09PM,Ford Makes Another Smart Move With EVs
706,F,2024-09-29,08:45AM,2 High-Yield Dividend Stocks With Massive Upside to Buy Now
707,F,2024-09-29,07:00AM,How the founder of General Motors went from riches to rags
708,F,2024-09-29,03:00AM,Is This Analyst Right About These 3 Auto Stocks?
709,F,2024-09-28,06:05AM,Ford's Newest Problem Is Frightening
710,F,2024-09-28,03:06AM,Some Investors Keep Making This Ford Mistake
711,F,2024-09-27,12:21PM,Ford (F) Stock and GM Stock Downgrades Dont Negate Good Value Characteristics
712,F,2024-09-27,11:25AM,"GM, Ford Shares Great Revival Stalls as China Threat Brews"
713,F,2024-09-27,08:30AM,Ford Motor Company Sued for Securities Law Violations - Contact the DJS Law Group to Discuss Your Rights - F
714,F,2024-09-27,05:30AM,Are Street Analysts Bullish On Ford Motor Co. (F) Right Now?
715,F,2024-09-27,04:59AM,Unpacking Q2 Earnings: Winnebago (NYSE:WGO) In The Context Of Other Automobile Manufacturers Stocks
716,F,2024-09-27,02:35AM,The Good Times May Be Over for GM Stock
717,F,2024-09-26,02:50PM,UAW Reaches Tentative Agreement at Fords River Rouge Complex
718,F,2024-09-26,12:31PM,"Analyst revises Ford, GM, Rivian stock price targets on China 'butterfly effect'"
719,F,2024-09-26,11:54AM,European Automakers Don't Have A Response To China's EV Offensive
720,F,2024-09-26,10:15AM,Why Ford Is a Great Dividend Stock
721,DIS,2024-10-23,01:48PM,"Calls of the Day: TJX Companies, Oracle, Uber, Paccar and Disney"
722,DIS,2024-10-23,11:58AM,Netflix CEO Ted Sarandos isn't interested in running Disney after Bob Iger
723,DIS,2024-10-23,06:15AM,"Frost & Sullivan Release the '2024 Global Blockchain Hardware Industry White Paper', Analyzing the Development and Future Opportunities of the Global Blockchain Hardware Market"
724,DIS,2024-10-23,06:00AM,Disney is doubling its fleet of cruise ships. What that says about the company's strategy
725,DIS,2024-10-23,05:54AM,Jim Cramer on The Walt Disney Company (DIS): I Say Buy More Disney
727,DIS,2024-10-22,06:41PM,"Netflix 3Q24 Earnings, Netflix and the Scripted Content High Road, Disney Moves Away From App Store In-App Purchase"
728,DIS,2024-10-22,02:52PM,Former Morgan Stanley CEO's Next Challenge: Solving Disney Succession Riddle
729,DIS,2024-10-22,02:43PM,"Disney's timeline on leadership change gives investors comfort, says Morgan Stanley's Ben Swinburne"
730,DIS,2024-10-22,01:28PM,Disney needs a new CEO. Meet the Wall Street banker in charge of replacing Bob Iger
731,DIS,2024-10-22,11:10AM,NBA season tips off tonight. Where fans can watch games next year
732,DIS,2024-10-22,10:16AM,Cramer's Mad Dash: Disney
733,DIS,2024-10-22,10:15AM,Can a New CEO Get Disney Stock Back to $100?
734,DIS,2024-10-22,08:17AM,"If I Could Buy Only 3 Dow Jones Stocks Through 2025, I'd Pick These 3 Dividend-Growth Companies"
735,DIS,2024-10-22,07:06AM,Disney Must Get Igers Replacement Right. Why the First Steps Look Promising and 5 Other Things to Know Today.
736,DIS,2024-10-22,06:15AM,3 Stocks That Can Help You Grow Richer in 2025
738,DIS,2024-10-22,05:30AM,The Wall Street Veteran Leading Disneys Search for Igers Replacement
739,DIS,2024-10-22,05:30AM,The four high-powered executives most likely to inherit Bob Igers throne at Disney
740,DIS,2024-10-22,05:30AM,The CEO-Obsessed Succession Pro Leading Disneys Search for Igers Replacement
741,DIS,2024-10-22,05:25AM,Will Sony Group Be a Trillion-Dollar Stock by 2030?
742,DIS,2024-10-21,05:45PM,Walt Disney (DIS) Dips More Than Broader Market: What You Should Know
743,DIS,2024-10-21,05:11PM,"Disney, Bob Iger trying to get succession right this time around"
744,DIS,2024-10-21,04:18PM,Major shakeup at Disney: Board chair is out. New CEO is coming soon
745,DIS,2024-10-21,02:15PM,Disney to Name Bob Igers Successor in Early 2026
746,DIS,2024-10-21,01:34PM,Disney Says It Will Announce CEO Iger's Replacement in Early 2026
747,DIS,2024-10-21,01:21PM,"Disney Names Morgan Stanley Exec, Effective January 2025"
748,DIS,2024-10-21,12:35PM,"Disney names next chairman, new CEO to be announced in 'early 2026'"
749,DIS,2024-10-21,11:52AM,The Semiconductor Stories of TSMC & ASML
750,DIS,2024-10-21,11:15AM,Disney: Who could succeed Bob Iger as CEO in 2026?
751,DIS,2024-10-21,11:15AM,Disney World Rival Sets the Stage for a Springtime Showdown
752,DIS,2024-10-21,11:14AM,"Disney's Leadership Shift: James Gorman Named As Chairman, CEO Search Underway"
754,DIS,2024-10-21,10:02AM,Disney to appoint former Morgan Stanley CEO as new chairman
755,DIS,2024-10-21,10:00AM,Disney to Name CEO Igers Successor in Early 2026
756,DIS,2024-10-21,09:58AM,"Disney to name new CEO in 2026, appoints James Gorman as chair"
757,DIS,2024-10-21,09:58AM,Disney board to announce Bob Iger successor in early 2026: 'A critical priority'
758,DIS,2024-10-21,09:36AM,Disney will name Iger's successor in early 2026; James Gorman to become board chair next year
759,DIS,2024-10-21,09:24AM,Disney will announce CEO Bob Iger's successor by early 2026
760,DIS,2024-10-21,08:53AM,Disney names Gorman to serve as next chairman; anticipates naming new CEO in early 2026
761,DIS,2024-10-21,08:50AM,Disney Names James Gorman as Next Chairman
762,DIS,2024-10-21,08:47AM,Disney to Name CEO Iger Successor in Early 2026
763,DIS,2024-10-21,08:39AM,"Disney taps Morgan Stanley's Gorman as chairman, plans to name new CEO in 2026"
764,DIS,2024-10-21,08:39AM,"Disney names Morgan Stanley's James Gorman as chair, plans to announce new CEO in 2026"
765,DIS,2024-10-21,08:30AM,"The Walt Disney Company Board Names James P. Gorman as Chairman, Effective January 2, 2025"
766,DIS,2024-10-21,08:15AM,Is Netflix Stock A Buy After Beat-And-Raise Earnings Report?
767,DIS,2024-10-20,03:00PM,Netflix's Latest Earnings Call Sent Its Stock Surging. Should You Buy Now?
768,DIS,2024-10-19,04:35PM,"Judge allows Google to keep Android store closed to rivals, Verge reports"
769,DIS,2024-10-19,07:20AM,Can Roku Stock Beat the S&P 500 Between Now and 2030?
770,DIS,2024-10-18,02:56PM,Netflix's Smashing Quarter Reflects A Shift In Priorities
771,DIS,2024-10-18,12:46PM,Universal's new Florida theme park: When does it open and what will be there?
772,DIS,2024-10-18,12:25PM,Streamflation: Disney+ raises prices. Is Netflix next?
773,DIS,2024-10-18,08:09AM,"Macys, Disney collaborate for the holidays with new collection and shop-in-shops"
774,DIS,2024-10-18,07:40AM,These 2 Dow Stocks Are Set to Soar in 2025 and Beyond
775,DIS,2024-10-18,07:00AM,Jim Cramer Says He'd Buy The Dip If Disney Stock Goes To This Level
776,DIS,2024-10-18,05:20AM,3 Growth Stocks That Could Be Bargain Buys Right Now
777,DIS,2024-10-17,06:34PM,Is The Walt Disney Company (DIS) the Most Promising Long-Term Stocks According to Hedge Funds?
778,DIS,2024-10-17,02:21PM,"Final Trades: Disney, Ashtead Group, Trade Desk and the IYH"
779,DIS,2024-10-17,01:44PM,"US proposes to fine ESPN $147,000 over improper emergency tones in NBA promotions"
780,DIS,2024-10-17,12:43PM,Minnie Mouse to Make Her Macys Thanksgiving Day Parade Debut With Disney Tie-up
781,DIS,2024-10-17,12:01PM,Universal will open fourth Orlando theme park next May
782,DIS,2024-10-17,11:55AM,Regional sports may be coming to Peacock: WSJ
783,DIS,2024-10-17,10:47AM,"Macy's-Disney partnership includes in-store shops, parade balloon"
784,DIS,2024-10-17,10:41AM,Disney's new line-skipping pass could cost you $450
785,DIS,2024-10-17,09:56AM,"Disney joins Peacock, Max, and others in raising prices. Here's what it means for your subscription costs."
786,DIS,2024-10-16,10:18PM,Up in Space; Out to Sea
787,DIS,2024-10-16,03:43PM,"Want To Skip the Line at Disney's Parks? There's Now a Faster, More Expensive Way"
788,DIS,2024-10-16,02:17PM,"Calls of the Day: Netflix, Cisco, Autodesk, Disney"
789,DIS,2024-10-16,01:16PM,Disneyland to roll out exclusive line-skipping pass. Here's what it costs
790,DIS,2024-10-16,12:01PM,"Disney to debut new Lightning Lane Premier Pass this month, but some guests may have sticker shock"
791,DIS,2024-10-16,09:35AM,Is The Walt Disney Company (DIS) the Best Internet Content Stock to Buy?
792,DIS,2024-10-16,09:00AM,The Walt Disney Company (DIS) is Attracting Investor Attention: Here is What You Should Know
793,DIS,2024-10-16,08:00AM,Disney Shareholders Will Love This New Theme Park Ticket
794,DIS,2024-10-16,06:00AM,Piper Sandler starts Walt Disney at Neutral amid Experiences segment slowdown
795,DIS,2024-10-15,09:35AM,Universal Plans Early Summer Launch of New Park With Marquee Harry Potter Ride
796,DIS,2024-10-15,05:35AM,Disney fans blast 'obscene' prices at new cake shop: 'Shockingly offensive'
797,DIS,2024-10-14,05:45PM,Walt Disney (DIS) Outpaces Stock Market Gains: What You Should Know
798,DIS,2024-10-14,12:10PM,Will Disney (DIS) Beat Estimates Again in Its Next Earnings Report?
799,DIS,2024-10-14,05:00AM,"Disney, Hershey execs share how holiday marketing campaigns are evolving"
800,DIS,2024-10-12,10:00AM,The Walt Disney Company (DIS): A Bull Case Theory
801,DIS,2024-10-10,03:39PM,Disney World and other Orlando parks to reopen Friday after Hurricane Milton shutdown
802,DIS,2024-10-10,02:32PM,Cramer Says Buy More Disney
803,DIS,2024-10-10,10:49AM,"Apple TV+ Joins Prime Video as Add-on, Expanding Streaming Reach"
804,DIS,2024-10-10,10:15AM,Did Disneyland Go Too Far This Time?
805,DIS,2024-10-09,02:40PM,Disney World to close Orlando theme park as Hurricane Milton looms
806,DIS,2024-10-09,01:54PM,Disney World and Universal closures halt Orlando tourism as Milton approaches
807,DIS,2024-10-09,01:30PM,A Disneyland Visit Just Got More Expensive
808,DIS,2024-10-09,01:04PM,Hurricane Milton could cost Disney $200M in Q4: Goldman Sachs
809,DIS,2024-10-09,10:36AM,Disneyland is raising ticket pricesagain
810,DIS,2024-10-09,10:15AM,Disneyland is raising prices  again
811,DIS,2024-10-09,10:00AM,AIs Thirst for Power Turns Utility Stocks Into Big Tech Proxies
812,DIS,2024-10-08,05:45PM,Walt Disney (DIS) Advances But Underperforms Market: Key Facts
813,DIS,2024-10-08,05:45PM,"Disney, Universal Shut Florida Theme Parks as Milton Nears"
814,DIS,2024-10-08,03:18PM,"Hurricane Milton Could Ding Disneys Earnings, Goldman Sachs Says"
815,DIS,2024-10-08,02:52PM,"Hurricane Milton Could Cause Tens of Billions in Losses, Analysts Say"
816,DIS,2024-10-08,12:36PM,"Disney World, Universal Orlando and SeaWorld will all close ahead of Milton"
817,DIS,2024-10-08,11:28AM,Kroger adds Disney streaming options to membership program
818,DIS,2024-10-08,05:35AM,Impossible Foods launches three new accessible products
819,DIS,2024-10-08,05:35AM,Impossible Foods launches 3 new family-friendly products
820,DIS,2024-10-07,04:00PM,"Hurricane Milton Is Florida's Second Storm In Two Weeks: How Disney, Theme Parks, Insurance Companies Could Be Impacted"
821,DIS,2024-10-07,10:27AM,"Hurricane Milton Is Headed Toward Florida. Watch Disney, Delta, and These Other Stocks."
822,DIS,2024-10-06,08:00AM,Star TV Anchors Are On Notice: Youre Not Getting a Raise
823,DIS,2024-10-04,03:05PM,Disney faces class action lawsuit over employee data breach
824,CVX,2024-10-24,08:50AM,"Southwest Reaches Deal With Activist Elliott, Adding 6 New Directors to Board"
825,CVX,2024-10-23,05:45PM,Chevron (CVX) Stock Moves -0.29%: What You Should Know
826,CVX,2024-10-23,03:15PM,Chevron Corporation (NYSE:CVX) Isnt Seeing Any Love From Mutual Or Hedge Funds
827,CVX,2024-10-22,09:00AM,Chevron Corporation (CVX) is Attracting Investor Attention: Here is What You Should Know
828,CVX,2024-10-22,08:45AM,"Chevron: Buy, Sell, or Hold?"
830,CVX,2024-10-21,09:53AM,"If I Could Only Buy 3 Warren Buffett Stocks Through 2025, I'd Pick These Dividend Stocks"
831,CVX,2024-10-20,12:45PM,3 Top Energy Dividend Stocks to Buy Right Now
832,CVX,2024-10-20,08:28AM,3 High-Yield Dividend Stocks That Are Screaming Buys Right Now
833,CVX,2024-10-19,05:40PM,"All It Takes Is $2,500 Invested in Each of These 3 High-Yield Dow Dividend Stocks to Help Generate Over $300 in Passive Income Per Year"
834,CVX,2024-10-19,04:35AM,2 Incredibly Cheap and Reliable Dividend Stocks With Yields Up to 5.5% to Buy Now
835,CVX,2024-10-19,03:12AM,2 No-Brainer Oil Stocks to Buy With $200 Right Now
836,CVX,2024-10-18,05:15PM,UPS and 7 Other Dividend Stocks With Yields of 4% or More
837,CVX,2024-10-18,01:30PM,8 Dividend Stocks Beyond the Usual Suspects
838,CVX,2024-10-18,05:06AM,"Warren Buffett Has a Big Secret, and He's Not Legally Obligated to Tell You About It Until mid-February"
839,CVX,2024-10-17,11:59PM,Chevron Corporation (CVX): Among the Blue Chip Stocks With Low PE Ratios
841,CVX,2024-10-17,06:34PM,Is Chevron Corporation (CVX) the Most Promising Long-Term Stocks According to Hedge Funds?
842,CVX,2024-10-17,06:30AM,3 ETFs to Buy for a Lifetime of Passive Income
843,CVX,2024-10-17,04:30AM,3 Top Warren Buffett Stocks That Are Absurdly Cheap Buys Right Now
844,CVX,2024-10-16,05:45PM,Chevron (CVX) Rises Higher Than Market: Key Facts
845,CVX,2024-10-16,01:03PM,State Street Corp's Strategic Acquisition of Chevron Shares
846,CVX,2024-10-16,10:28AM,Is Chevron Corporation (CVX) the Best Stock In Buffett Stock Portfolio?
847,CVX,2024-10-16,07:22AM,"Advisory: Chevron, Houston Texans Legends and Kids Meals team up to set record in packed lunches for Houston area kids"
848,CVX,2024-10-15,11:10AM,Chevron boosts oil and gas production in New Mexicos Permian Basin
849,CVX,2024-10-15,09:30AM,Wall Street Bulls Look Optimistic About Chevron (CVX): Should You Buy?
850,CVX,2024-10-15,05:50AM,1 Magnificent High-Yield Energy Stock Down 20% to Buy and Hold Forever
851,CVX,2024-10-15,05:40AM,Want to Make Some Really Easy Money? Buy This Top-Dividend ETF.
852,CVX,2024-10-13,04:40PM,Chevron CEO shares one of his leadership tips: Writing a ton of letters
853,CVX,2024-10-13,11:07AM,"Chevron Commits an Additional $250,000 to Hurricane Relief Efforts"
854,CVX,2024-10-13,09:15AM,1 Warren Buffett Stock to Buy Hand Over Fist and 1 to Avoid
855,CVX,2024-10-13,05:02AM,Could Occidental Petroleum Become the Next ExxonMobil?
857,CVX,2024-10-12,03:00AM,3 Dividend-Paying ETFs to Buy Now Amid Surging Oil Prices
858,CVX,2024-10-11,11:31PM,Honeywell International Inc. (HON) Partners with Chevron to Revolutionize Oil Refining Operations with AI-Enhanced Technologies for Improved Efficiency and Safety
859,CVX,2024-10-11,10:28AM,Exxon Mobil and Chevron Earnings Face This Risk After BP Flags Problem
860,CVX,2024-10-11,08:30AM,Sustainability Of Energy Stocks Is Clouded By 2024 Election Uncertainty
861,CVX,2024-10-11,08:13AM,"Exxon, Chevron Earnings Face This Risk After BP Profit Warning"
862,CVX,2024-10-10,04:43PM,Is It Time To Buy Or Sell ExxonMobil Stock As It Breaches A Resistance Level?
863,CVX,2024-10-10,03:00PM,"Advisory: Chevron, Houston Texans Legends and Kids Meals team up to set record in packed lunches for Houston area kids"
864,CVX,2024-10-09,06:49AM,Is Chevron (CVX) the Leading Oil Stock to Invest in for Future Energy Solutions?
865,CVX,2024-10-09,06:08AM,"Is Chevron (CVX) the Best Energy Stock for Balancing Oil, Gas, and Renewable Investments?"
866,CVX,2024-10-09,05:06AM,67% of Warren Buffett's $315 Billion Portfolio Is Invested in These 5 Unstoppable Stocks
867,CVX,2024-10-08,05:45PM,Chevron (CVX) Stock Falls Amid Market Uptick: What Investors Need to Know
868,CVX,2024-10-08,04:23PM,Why investors should hold energy plays amid Mideast tensions
869,CVX,2024-10-08,09:00AM,Chevron Corporation (CVX) is Attracting Investor Attention: Here is What You Should Know
870,CVX,2024-10-08,07:26AM,Chevron shutters Gulf of Mexico oil platform as Hurricane Milton approaches
871,CVX,2024-10-08,06:55AM,Chevron agrees to sell assets to Canadian Natural Resources for $6.5bn
872,CVX,2024-10-08,06:49AM,"China Stocks Falter, Fed Stays Cool on Rate Cuts. Why Traders Are Jittery and 5 Other Things to Know Today."
873,CVX,2024-10-08,04:41AM,Chevron's $6.5 Billion Deal Will Further Fortify Its Financial Foundation
874,CVX,2024-10-08,04:23AM,"Chevron to Sell Oil Sands, Duvernay Assets for $6.5B to Canadian Natural"
875,CVX,2024-10-07,07:30PM,Asian Traders Nervous Ahead of China Reopening: Markets Wrap
876,CVX,2024-10-07,05:30PM,Federal Trade Commission targets another O and G CEO
877,CVX,2024-10-07,02:06PM,"Trade Tracker: Brian Belski trims Home Depot, McDonald's, Chevron and buys Lululemon"
878,CVX,2024-10-07,01:45PM,"Stocks to Watch Monday: Pfizer, Hims & Hers Arcadium Lithium, Amazon"
879,CVX,2024-10-07,01:06PM,Oil hits $80 a barrel as Middle East tensions rise
880,CVX,2024-10-07,12:55PM,"Ports restrict navigation, some oil facilities shut as Milton approaches Florida"
881,CVX,2024-10-07,12:23PM,CNRLs $6.5 Billion Chevron Deal Extends Oil Sands Buying Spree
882,CVX,2024-10-07,10:00AM,"Chevron to Sell Oil Sands, Shale to Canadian Natural Resources in $6.5 Billion Deal"
883,CVX,2024-10-07,09:40AM,"Chevron Sells Canada Oil Sand, Shale Assets for $6.5 Billion"
884,CVX,2024-10-07,08:50AM,"Chevron to Sell Oil Sands, Shale Assets for $6.5 Billion to Canadian Natural"
885,CVX,2024-10-07,07:55AM,Chevron Sells $6.5B Assets To Canadian Natural Resources: Details
886,CVX,2024-10-07,05:22AM,ExxonMobil's Profits Are About to Fall. Is the Oil Stock Still a Buy?
887,CVX,2024-10-07,05:05AM,Chevron Announces US$6.5 bn Sale of Its Interests in the Athabasca Oil Sands Project and Duvernay Shale
888,CVX,2024-10-07,01:28AM,"LNG Needed For Decades to Ensure Energy Security, Importers Say"
889,CVX,2024-10-06,07:00PM,"Investor Who Spent All His Savings to Buy Dividend Stocks and Makes $13,000 Per Year Shares His Portfolio: Top 11 Stocks"
890,CVX,2024-10-06,11:05AM,Oil stocks have more room to run as tension in the Middle East escalates
891,CVX,2024-10-06,06:36AM,3 Top Energy Stocks to Buy in October
892,CVX,2024-10-04,06:45AM,5 Top Stocks to Buy in October
893,CVX,2024-10-03,01:29PM,Biden Refrains From Ruling Out Israel Strike On Iran's Oil Infrastructure; Oil Prices Jump
894,CVX,2024-10-03,11:00AM,"Chevron Commits $250,000 to Hurricane Helene Relief and Recovery Efforts"
895,CVX,2024-10-02,03:34PM,Benefits of an Incremental Journey
896,CVX,2024-10-02,01:01PM,Energy Boost: Oil Stocks Run Isnt Over as Iran-Israel Tension Escalates
897,CVX,2024-10-02,08:42AM,Energy Stocks Rise as Oil Jumps on Middle East Tensions
898,CVX,2024-10-02,07:35AM,Where Will Chevron Be in 10 Years?
899,CVX,2024-10-02,06:00AM,3 Stocks to Buy Now That Are on Their Way to Being Crowned Dividend Kings by 2045 (or Sooner)
900,CVX,2024-10-02,05:28AM,3 Top Dividend Growth Stocks to Buy in October
901,CVX,2024-10-01,05:45PM,Chevron (CVX) Ascends While Market Falls: Some Facts to Note
902,CVX,2024-10-01,02:45PM,Analyst Questions 'What Could Hess Be Worth?' As Chevron Advances In Acquisition Efforts
903,CVX,2024-10-01,01:37PM,The FTC Is Delaying Big-Oil Mergers. Its Not Stopping Deals From Closing.
904,CVX,2024-10-01,12:32PM,"Chevron, Honeywell Join Forces For AI Breakthrough: Details"
905,CVX,2024-10-01,11:14AM,The End of Chevron Will Be Messier Than Businesses Expect
906,CVX,2024-10-01,11:14AM,The End of Chevron Deference Will Be Messier Than Businesses Expect
907,CVX,2024-10-01,10:18AM,Big oil's big payouts under strain as energy prices fall
908,CVX,2024-10-01,08:02AM,HONEYWELL AND CHEVRON COLLABORATE ON AI-ASSISTED SOLUTIONS FOR REFINING PROCESSES
909,CVX,2024-10-01,07:35AM,Chevron price target lowered to $150 from $154 at Truist
910,CVX,2024-10-01,07:00AM,Advisory: Chevron Corporations 3Q 2024 Earnings Conference Call and Webcast
911,CVX,2024-10-01,06:17AM,FTC clears Chevrons $53bn merger with Hess
912,CVX,2024-10-01,05:25AM,Why Top Oil Stocks Like ExxonMobil and Chevron Continue to Fall Despite China's Stimulus and Interest Rate Cuts
913,CVX,2024-10-01,04:20AM,Kazakhstan Seeks to Boost China Gas Exports With Possible New Pipe
914,CVX,2024-09-30,06:09PM,Chevron Corporation (CVX): Warren Buffetts Stock Recommended by Analysts
915,CVX,2024-09-30,05:42PM,"FTC Clears Chevron-Hess Merger, But Bans Hess CEO From Joining Board"
916,CVX,2024-09-30,05:04PM,Chevron Corporation (CVX): Navigating Energy Volatility with Strong Dividend Payouts
917,CVX,2024-09-30,04:30PM,John Hess Is the Latest Target for Antitrust Enforcers. The Oil Patch Isnt Happy.
918,CVX,2024-09-30,04:30PM,FTC Warns of Oil-Patch Collusion. Energy Executives See Political Smear.
919,CVX,2024-09-30,12:30PM,Should Investors Bet on Chevron Corp. (CVX) Amid Expanding Global Production?
920,CVX,2024-09-30,12:25PM,"Hess CEOs OPEC Communication Disqualifies Him From Chevron Board, FTC Says"
921,CVX,2024-09-30,12:07PM,Intel Leads 5 Worst Dow Jones Stocks Through Q3; Can These Dogs Get Their Bite Back?
922,CVX,2024-09-30,11:03AM,Chevron-Hess Merger Clears FTC Antitrust Review
923,CVX,2024-09-30,07:04AM,Big US oil companies reveal massive payments to foreign governments
924,CVX,2024-09-29,07:33PM,20 States with the Lowest Gas Taxes in the US
925,CVX,2024-09-29,10:00AM,2 Magnificent Stocks to Buy That Are Near 52-Week Lows
926,CVX,2024-09-29,06:45AM,1 No-Brainer Energy Stock to Buy Right Now for Less Than $200
927,UL,2024-10-24,07:37AM,Analyst Report: Unilever PLC
928,UL,2024-10-24,07:04AM,Unilever Underlying Sales Beat Forecasts as Shoppers Welcome Easing Price Hikes
929,UL,2024-10-24,05:44AM,Global Earnings Thursday: Hermès Sales Rise; Barclays Stock Rallies
930,UL,2024-10-24,04:51AM,Unilever making 'drastic' changes in Indonesia amid boycotts
931,UL,2024-10-24,03:09AM,"Hourglass Cosmetics, Health Supplements Fuel Third-Quarter Growth at Unilever"
933,UL,2024-10-23,07:58AM,Unilever's pricing shift may have attracted shoppers in third quarter
934,UL,2024-10-17,10:19AM,Analyst Report: Unilever PLC
935,UL,2024-10-14,08:04AM,X drops ad lawsuit against Unilever
936,UL,2024-10-14,07:47AM,Unilever settles advertising boycott lawsuit with Elon Musks X
937,UL,2024-10-11,04:56PM,Elon Musk's X drops Unilever from advertiser boycott lawsuit
938,UL,2024-10-11,12:33PM,"X Drops Unilever From Lawsuit Against Advertisers, Citing a New Agreement"
939,UL,2024-10-10,02:40PM,Unilever sells Russia and Belarus operations to Arnest Group
940,UL,2024-10-10,11:41AM,Unilever Bows to Pressure and Sells Russia Subsidiary
941,UL,2024-10-10,07:33AM,Billionaire hairspray king buys Unilevers Russia division
942,UL,2024-10-10,06:41AM,Unilever Sells Russian Business
944,UL,2024-10-08,09:35AM,"Down -5.12% in 4 Weeks, Here's Why Unilever (UL) Looks Ripe for a Turnaround"
945,UL,2024-10-07,11:40AM,"Exclusive-Unilever overhauling European homecare supply chain, executive says"
946,UL,2024-10-04,11:07AM,Unilever Names Mary Carmen Gasco-Buisson CEO of Prestige Division
947,UL,2024-09-30,07:31PM,20 Best Countries to Live Outside the US
948,UL,2024-09-30,10:47AM,Unilever strikes climate deals with Walmart and others to meet sustainability goals
949,UL,2024-09-23,04:32AM,Is Unilever PLC (UL) The Best Household and Personal Care Stocks to Buy Now?
950,UL,2024-09-11,09:46PM,Starbucks Stock Jumps 20% After CEO Shakeup: Should US Investors Hold or Buy?
951,UL,2024-09-11,09:37PM,PayPal's Growth Challenges and Undervaluation: A Long-Term Opportunity for Investors
952,UL,2024-09-10,12:58PM,Unilever invests in US supplements business Create Wellness
953,UL,2024-09-10,12:17PM,Unilever snaps up US supplements firm Onnit
954,UL,2024-09-07,07:48PM,Why Do Short Sellers Recommend Unilever PLC (UL)?
955,UL,2024-09-07,03:32PM,Unilever PLC (UL): A Bullish Thesis
956,UL,2024-09-05,12:17PM,Unilever gets green light to sell Russia assets
957,UL,2024-09-05,03:29AM,Unilever and Accenture Join Forces to Establish a New Industry Standard in Generative AI-Powered Productivity
958,UL,2024-09-04,12:00PM,Unilever PLC (UL) is a Great Momentum Stock: Should You Buy?
960,UL,2024-09-04,09:45AM,"Moscow approves Unilever deal to offload Russian assets, RBC cites sources"
961,UL,2024-09-04,09:01AM,The Laundresss cofounder shares her regrets about selling to Unilever for a reported $100 million
962,UL,2024-09-02,12:00PM,Unilever (UL) Moves to Buy: Rationale Behind the Upgrade
963,UL,2024-08-26,04:36AM,Unilever announces new initiative to boost packaging circularity
964,UL,2024-08-21,02:02PM,Unilever Recalls Some Jolly Rancher Popsicles Because They May Contain Milk
965,UL,2024-08-21,09:30AM,Unilever U.S. Issues Allergy Alert on Undeclared Milk in Popsicle Jolly Rancher Single-Serve Frozen Confection Pops
966,UL,2024-08-21,05:00AM,Unilever spices up Hellmanns with flavored mayo
967,UL,2024-08-20,01:22PM,24 Largest Publicly Traded Food Companies in 2024
968,UL,2024-08-17,08:10AM,"Flowers Foods, Inc. (NYSE:FLO) Q2 2024 Earnings Call Transcript"
969,UL,2024-08-16,08:00AM,How To Earn $100 Per Month From Unilever Stock
970,UL,2024-08-15,07:36AM,Nelson Peltzs Trian Partners sells £180m worth of Unilever shares
971,UL,2024-08-14,01:54PM,"Hedge Fund and Insider Trading News: Nelson Peltz, Jana Partners, Whitebox Advisors, Caxton Associates LP, Altium Capital, Soros Fund Management, Elliott Investment Management, Balyasny Asset Management, Precigen Inc (PGEN), Vulcan Materials Company (VMC), and More"
972,UL,2024-08-14,09:38AM,Nelson Peltz's Trian Fund trims stake in Unilever
973,UL,2024-08-06,06:51PM,Elon Musks X Sues Advertising Coalition Over Massive Boycott
974,UL,2024-07-31,06:26AM,3 International Dividend Aristocrats to Diversify Your Portfolio
975,UL,2024-07-27,03:47AM,Unilever PLC (UL): Is It a Good FMCG Stock to Buy Now?
976,UL,2024-07-26,07:33PM,Analyst Report: Unilever PLC
977,UL,2024-07-26,06:24AM,Unilever customers swallowing carry-over pricing from historic inflation helped it generate $6.4 billion in profits so far this year
978,UL,2024-07-25,03:32PM,Why Unilever Stock Was Gaining Today
979,UL,2024-07-25,10:31AM,Unilever & Nestle results show why pricing strategy matters
980,UL,2024-07-25,10:17AM,"Unilever Soars on Earnings Beat, Ben & Jerry's Spinoff Plan"
981,UL,2024-07-25,10:16AM,Analyst Report: Unilever PLC
982,UL,2024-07-25,07:34AM,"Midday movers: Ford, Edwards Lifesciences fall; Harley-Davidson, ServiceNow rise"
983,UL,2024-07-25,02:55AM,"Unilevers Sales, Profits Rise in First Half as Company Moves to Slash Jobs"
984,UL,2024-07-25,02:34AM,Unilever Sales Beat Forecasts as Ice Cream Business Split on Track
985,UL,2024-07-25,02:34AM,"Unilever Margins Beat Forecast, Says Ice Cream Split on Track"
986,UL,2024-07-25,02:34AM,"Unilever Beats Turnover Expectations, Split of Ice Cream Division on Track"
987,UL,2024-07-25,01:07AM,"Unilever shares soar on strong H1 results, margin expansion"
988,UL,2024-07-25,12:26AM,"Biden's speech, Ford's miss, European earnings - what's moving markets"
989,UL,2024-07-24,06:08PM,"Earnings from American & Southwest, Q2 GDP data: What to watch"
990,UL,2024-07-24,09:14AM,"Expect Continued Outperformance, Says Cowen About These 2 Household Stocks"
991,UL,2024-07-22,08:18AM,Unilever starts ice-cream sale talks with group of investors
992,UL,2024-07-21,07:00AM,What To Expect in the Markets This Week
993,UL,2024-07-18,01:21PM,3 Stocks to Invest In for Post-War Rebuilding
994,UL,2024-07-15,07:13AM,A. O. Smith To Acquire Pureit From Unilever For About $120 Million In Cash
995,UL,2024-07-12,12:58PM,Unilever to slash thousands of office jobs in Europe
996,UL,2024-07-12,12:06PM,"Unilever Discussing Layoffs With Workers, Up To 3,200 Cuts in Europe Reported"
997,UL,2024-07-12,09:26AM,Unilever to cut thousands of office jobs in turnaround push
998,UL,2024-07-12,07:38AM,Unilever to cut a third of office jobs in Europe
999,UL,2024-07-08,09:02PM,Is Unilever PLC (UL) the Best FTSE Dividend Stocks Now According to Hedge Funds?
1000,UL,2024-07-08,12:34PM,10 Best FTSE Dividend Stocks To Buy Now
1001,UL,2024-07-04,12:00PM,Upcoming Stock Spinoffs: Should You Pounce or Pass?
1002,UL,2024-07-03,11:31PM,Microsoft Corporation (MSFT): Why Are Hedge Funds Bullish on This AI Story Right Now?
1003,UL,2024-06-28,08:40PM,The Wealthiest Person in Netherlands
1004,UL,2024-06-28,08:39PM,12 Wealthiest People in Netherlands
1005,UL,2024-06-27,10:53AM,Why Did Analysts Give Unilever PLC (UL) a Buy Rating?
1006,UL,2024-06-26,09:39PM,11 Best Ice Cream Stocks to Invest In 2024
1007,UL,2024-06-26,05:10PM,Kinaxis launches AI-infused platform Maestro
1008,UL,2024-06-26,05:30AM,"Go Woke, Go Broke? Not a Chance, Say Ben and Jerry"
1009,UL,2024-06-13,02:53PM,Vasiliki Petrou to Depart Unilever Prestige as Chief Executive Officer
1010,UL,2024-06-11,01:22PM,3 Software Stocks Ready to Shine in Summer 2024
1011,UL,2024-06-11,12:56PM,Why Unilever PLC (NYSE:UL) is One of the Best International Dividend Stock?
1012,UL,2024-06-11,11:04AM,12 Best International Dividend Stocks to Buy Now
1013,UL,2024-06-10,05:30PM,Unilever PLC (NYSE:UL) Upgraded by Redburn Atlantic
1014,UL,2024-06-09,12:07PM,15 Largest Food Companies in the World by Market Cap
1015,UL,2024-06-08,10:08PM,Top 50 Companies in London
1016,UL,2024-06-06,09:45AM,2 Stocks That Could Create Lasting Generational Wealth
1017,UL,2024-06-06,08:19AM,Yellow Wood Partners Completes Acquisition of Elida Beauty from Unilever
1018,UL,2024-06-03,08:13PM,Analyst Report: Unilever PLC
1019,UL,2024-06-02,05:20PM,20 Countries With Darkest Skin Color in the World
1020,UL,2024-05-30,01:01PM,Unilever PLC Exits Causeway International Value's Portfolio in Q1 2024
1021,UL,2024-05-28,05:00AM,How Unilever is embracing artificial intelligence to revolutionize food development
1022,UL,2024-05-25,10:36AM,"Want $1,000 in Dividend Income? Here's How Much You'd Have to Invest in Unilever Stock."
1023,UL,2024-05-23,08:15AM,1 No-Brainer Billionaire-Owned Stock to Buy Right Now
1024,UL,2024-05-23,06:53AM,"JPMorgan double upgraded Unilever, while cutting Nestle"
1025,UL,2024-05-17,07:47AM,Unilever Commences $1.63 billion Share Buyback Program
1026,UL,2024-05-16,11:35AM,Unilever to keep making Soviet-style ice cream as it excludes Russian arm from spin-off
1027,UL,2024-05-16,11:35AM,Ben & Jerrys owner to keep making Soviet-style ice cream despite pressure to quit Russia
1028,UL,2024-05-15,07:01AM,Unilever PLC's Dividend Analysis
1029,UL,2024-05-12,03:20AM,A Once-in-a-Decade Opportunity: 3 Magnificent Dividend Stocks Down Between 19% and 28% to Buy Now and Hold Forever
